datetime;open;high;low;close
2025-09-05;3553.16;3599.1;3548.64;3590.01
2025-09-04;3573.33;3578.25;3527.55;3553.16
2025-09-03;3550.4;3587.5;3542.4;3573.33
2025-09-02;3490.82;3556.69;3486.35;3550.4
2025-09-01;3450;3502;3443.2;3490.83
2025-08-30;3455.6;3466.73;3451.04;3463.81
2025-08-29;3419.77;3464.7;3407.8;3455.59
2025-08-28;3388.81;3423.25;3378;3419.78
2025-08-27;3379.9;3388.82;3365;3388.82
2025-08-26;3349.54;3379.98;3336;3379.95
2025-08-25;3373.54;3373.54;3349.12;3349.54
2025-08-23;3363.43;3366.18;3345.51;3359.72
2025-08-22;3332.13;3363.43;3318.28;3363.42
2025-08-21;3339.88;3342.56;3318.25;3332.14
2025-08-20;3314.84;3339.91;3301.77;3339.88
2025-08-19;3331.76;3342.06;3308.01;3314.82
2025-08-18;3337.05;3380;3322;3331.75
2025-08-16;3329.35;3336.01;3327.21;3331.25
2025-08-15;3330.23;3341.09;3326.01;3329.36
2025-08-14;3350.8;3361;3324.39;3330.23
2025-08-13;3342.52;3358.6;3335.55;3350.8
2025-08-12;3344.14;3357.52;3332;3342.47
2025-08-11;3397.26;3403.29;3339.63;3344.13
2025-08-09;3387.21;3393.8;3375;3389.32
2025-08-08;3389.03;3397.81;3375.19;3387.21
2025-08-07;3371.54;3394.98;3368.36;3389.29
2025-08-06;3379.59;3385.25;3362.51;3371.53
2025-08-05;3378.97;3393.62;3353.8;3379.58
2025-08-04;3368.63;3384.39;3348.8;3378.96
2025-08-02;3361.89;3369.98;3355.58;3361.38
2025-08-01;3299.42;3362;3289.05;3361.89
2025-07-31;3292.2;3321.34;3288.88;3299.41
2025-07-30;3334.23;3340.28;3283;3291.98
2025-07-29;3322.01;3338.09;3318.39;3334.24
2025-07-28;3348.18;3351.53;3312;3322.01
2025-07-26;3347.16;3358.44;3345.6;3352.96
2025-07-25;3370.59;3373.55005;3326.32007;3347.17
2025-07-24;3389.03;3396.34;3359.33;3370.59
2025-07-23;3427.08;3437.79004;3386.11;3389.03
2025-07-22;3397.33;3433.43994;3383.24;3427.09
2025-07-21;3345;3401.39990;3345;3397.33
2025-07-20;3349.4;3352.8;3346.3;3347.3
2025-07-19;3347.6;3352.6;3341.9;3348
2025-07-18;3303.71;3361.28003;3303.71;3347.9
2025-07-17;3344.7;3352.25;3309.98999;3337.6
2025-07-16;3324.3;3377.18994;3319.92993;3344.7
2025-07-15;3342.4;3366.24;3320.36011;3324.6
2025-07-14;3356.92;3375.020020;3341.14990;3342.4
2025-07-13;3348;3350.9;3345.4;3349.4
2025-07-12;3349.8;3354.76;3343.6;3348.6
2025-07-11;3318.9;3367.45996;3314.8;3349.9
2025-07-10;3312.1;3330.21;3306.2;3323.67
2025-07-09;3299.1;3316.87012;3282.89990;3312.1
2025-07-08;3333.8;3345.7;3287.21;3301.03
2025-07-07;3334.01;3342.05;3296.5;3336.82
2025-07-06;3335.2;3339.5;3332.1;3334.6
2025-07-05;3335.24;3339.8;3331.3;3336.7
2025-07-04;3323.5;3344.98;3322.7;3336.8
2025-07-03;3352;3365.61;3311.66;3323.9
2025-07-02;3336.1;3359.060059;3325.7;3352
2025-07-01;3305.4;3357.96997;3300;3336.4
2025-06-30;3272.3;3309.21997;3248.98;3302.90991
2025-06-29;3273.8;3273.8;3271.9;3272
2025-06-28;3278.3;3284.3;3273.67;3284.3
2025-06-27;3326.7;3329;3255.97998;3278
2025-06-26;3331.1;3350.25;3310;3328.09
2025-06-25;3325.5;3337.3;3313.41992;3332.13989
2025-06-24;3370.9;3383.3;3299.91992;3324.9
2025-06-23;3412.9;3419.5;3347.02;3369.10010
2025-06-22;3409.5;3434.2;3406.3;3413.8
2025-06-21;3373.4;3381.9;3373.2;3380.3
2025-06-20;3381.3;3381.3;3340.32;3368.76
2025-06-19;3371.9;3389.2;3347.72998;3381.2
2025-06-18;3388.7;3399.98;3362.68994;3372.1
2025-06-17;3384.6;3403.21;3366.09;3387.3
2025-06-16;3446;3455.7;3383;3383.53
2025-06-15;3453.7;3458.1;3453.6;3457.7
2025-06-14;3436.2;3447.7;3430;3438.1
2025-06-13;3382;3446.58;3379.82;3432.19
2025-06-12;3352.3;3398.78;3338.68;3381.9
2025-06-11;3321.7;3360.6;3315.45;3352.3
2025-06-10;3327.2;3348.99;3302.09;3323.47
2025-06-09;3315;3338.20996;3293.58;3327.6
2025-06-08;3316;3321.6;3315.3;3319.1
2025-06-07;3318.1;3324.7;3315.2;3317.9
2025-06-06;3353.1;3375.45;3307.1;3310.1
2025-06-05;3376.5;3403.33;3339.5;3353
2025-06-04;3354.3;3384.66;3343.75;3372.34
2025-06-03;3381.01;3392.07;3333.38;3354.3
2025-06-02;3296.6;3382.66;3295.29;3381.02
2025-06-01;3297.1;3298.5;3295.5;3295.5
2025-05-31;3295.8;3301.1;3291.5;3291.8
2025-05-30;3317.11;3323.8;3277.61;3288.52
2025-05-29;3291.2;3328.34;3249.59;3317.95
2025-05-28;3300;3325.27;3277;3291.4
2025-05-27;3345.6;3353.6;3288.25;3299.7
2025-05-26;3354.88;3356.51;3324;3346.6
2025-05-25;3360.6;3364.5;3359.7;3359.7
2025-05-24;3356.8;3359.5;3350.1;3355.7
2025-05-23;3298.7;3366;3287;3355.9
2025-05-22;3314.4;3345.31;3279.27;3294.79
2025-05-21;3285.4;3324.65;3284.6;3315.56
2025-05-20;3232;3295.54;3204.53;3285.1
2025-05-19;3229;3249.65;3206;3229.15
2025-05-18;3209.2;3212.4;3206.7;3208.3
2025-05-17;3209.6;3211.5;3199.3;3207.2
2025-05-16;3245;3252.5;3154.27;3209.7
2025-05-15;3181.2;3245.2;3120.92;3244.5
2025-05-14;3247.8;3256.97;3167.95;3181.2
2025-05-13;3237.6;3265.33;3215.92;3248.5
2025-05-12;3290;3305.79;3207.7;3235.24
2025-05-10;3326.9;3332.7;3320.7;3322
2025-05-09;3309.6;3347.26;3275;3323.64
2025-05-08;3366.7;3414.52;3288.91;3309.4
2025-05-07;3435;3440.4;3360.23;3366.6
2025-05-06;3340.6;3440;3323.53;3434.7
2025-05-05;3252.8;3341.1;3236.68;3335
2025-05-04;3255.7;3255.9;3252.6;3252.7
2025-05-03;3255.4;3259.8;3244.3;3257
2025-05-02;3250.3;3269.02;3223;3254.9
2025-05-01;3292.2;3293.6;3201.9;3238.64
2025-04-30;3317.2;3325.7;3267.16;3292
2025-04-29;3344;3347.15;3304.6;3317.6
2025-04-28;3319.8;3352.91;3274.3;3344.1
2025-04-27;3315.1;3324.6;3315.1;3321
2025-04-26;3316.6;3319.6;3309.9;3314
2025-04-25;3354.8;3376.8;3270.6;3316.3
2025-04-24;3303.9;3388.5;3298.9;3354.9
2025-04-23;3392.6;3403.1;3281.5;3303.3
2025-04-22;3423.49;3499.87;3381.2;3394.4
2025-04-21;3327.93;3430.47;3327.93;3422.8
2025-04-19;3326.27;3326.27;3326.27;3326.27
2025-04-18;3326.27;3326.27;3326.27;3326.27
2025-04-17;3344.05;3345.29;3283.94;3326.19
2025-04-14;3222.11011;3245.76001;3213.87988;3222.050049
2025-04-11;3177.28003;3245.36011;3176.51001;3238.18994
2025-04-10;3081.51001;3176.41992;3071.62012;3175.47998
2025-04-09;2984.53003;3099.46997;2970.13989;3083.16992
2025-04-08;2982.71997;3022.67993;2975.060059;2982.15991
2025-04-07;3029.89990;3055.63989;2956.90991;2982.030029
2025-04-05;3036.31006;3041.070068;3033.89990;3038.17993
2025-04-04;3107.71997;3136.28003;3016.16992;3036.47998
2025-04-03;3124.41992;3167.70996;3054.31006;3107.63989
2025-04-02;3118.67993;3135.77002;3107.89990;3124.19995
2025-04-01;3124.35010;3149.030029;3100.90991;3118.69995
2025-03-31;3093;3127.87988;3076.82007;3124.55005
2025-03-29;3080.85010;3086.18994;3080.85010;3085.28003
2025-03-28;3057.53003;3086.80005;3054.25;3080.96997
2025-03-27;3017.31006;3059.58008;3017.23999;3057.58008
2025-03-26;3019.65991;3032.13989;3012.44995;3017.20996
2025-03-25;3006.19995;3036.050049;3005.73999;3019.63989
2025-03-24;3023.30005;3033.38989;3002.62012;3006.18994
2025-03-22;3020.040039;3024.14990;3020.030029;3023.85010
2025-03-21;3044.81006;3047.51001;2999.47998;3019.94995
2025-03-20;3047.82007;3057.36011;3025.76001;3044.82007
2025-03-19;3035.77002;3051.98999;3022.95996;3047.87988
2025-03-18;3000.39990;3038.33008;2999.60010;3035.52002
2025-03-17;2987.85010;3001.22998;2982.33008;3000.37012
2025-03-15;2984.010010;2988.87988;2981.93994;2985.040039
2025-03-14;2983.12988;3004.94995;2978.59009;2984.020020
2025-03-13;2931.34009;2985.43994;2930.94995;2982.97998
2025-03-12;2918.36011;2940.60010;2906.22998;2931.37988
2025-03-11;2885.18994;2922.26001;2880.43994;2918.48999
2025-03-10;2912.41992;2918.28003;2880.39990;2885.37012
2025-03-08;2905.35010;2912.82007;2904.88989;2909.43994
2025-03-07;2913.85010;2930.42993;2896.83008;2905.45996
2025-03-06;2920.62012;2926.59009;2891.43994;2914.080078
2025-03-05;2915.95996;2929.85010;2894.44995;2920.62988
2025-03-04;2881.63989;2927.84009;2878.47998;2916.21997
2025-03-03;2873.30005;2893.020020;2859.020020;2881.69995
2025-03-01;2849.51001;2859.36011;2847.77002;2857.44995
2025-02-28;2879.37012;2885.22998;2832.77002;2849.79004
2025-02-27;2914;2920.85010;2868.090088;2879.27002
2025-02-26;2912.15991;2930.25;2890.89990;2913.97998
2025-02-25;2949.21997;2953.69995;2888.64990;2912.18994
2025-02-24;2939.67993;2956.26001;2921.5;2949.37988
2025-02-22;2933.31006;2938.35010;2932.16992;2936.080078
2025-02-21;2938.020020;2949.87012;2916.87012;2933.52002
2025-02-20;2931.77002;2954.88989;2924.39990;2937.97998
2025-02-19;2935.85010;2947.050049;2918.85010;2931.84009
2025-02-18;2899.33008;2936.95996;2892.12988;2935.85010
2025-02-17;2893.67993;2906.41992;2878.90991;2898.39990
2025-02-15;2880.67993;2886.25;2877.14990;2882.54004
2025-02-14;2926.92993;2940.10010;2878.94995;2880.76001
2025-02-13;2897.95996;2927.47998;2895.62012;2926.96997
2025-02-12;2900.26001;2909.12988;2864.22998;2897.92993
2025-02-11;2904.44995;2942.68994;2881.89990;2900.29004
2025-02-10;2861.39990;2911.43994;2860.44995;2904.41992
2025-02-08;2860.12988;2863.88989;2859.47998;2860.87012
2025-02-07;2854;2886.81006;2852.70996;2860.29004
2025-02-06;2863.65991;2873.27002;2834.35010;2854.050049
2025-02-05;2843.14990;2882.35010;2839.87012;2863.66992
2025-02-04;2818.29004;2845.51001;2807.37012;2843.10010
2025-02-03;2802.30005;2830.60010;2772.37988;2818.37012
2025-02-01;2796.070068;2802.58008;2794.37012;2798.52002
2025-01-31;2793.39990;2817.12012;2789.55005;2796.33008
2025-01-30;2755.20996;2798.47998;2752.75;2793.54004
2025-01-29;2764.85010;2766.30005;2744.90991;2755.32007
2025-01-28;2739.43994;2765.020020;2734.89990;2764.87012
2025-01-27;2765.66992;2772.61011;2730.59009;2739.37988
2025-01-25;2774.67993;2774.85010;2770.66992;2771.25
2025-01-24;2754.12012;2786.050049;2751.47998;2774.68994
2025-01-23;2755.44995;2758.83008;2735.96997;2754.19995
2025-01-22;2742.80005;2763.37988;2740.15991;2755.42993
2025-01-21;2707.44995;2745.96997;2702.87012;2742.95996
2025-01-20;2703.15991;2713.98999;2689.44995;2708.31006
2025-01-18;2703.21997;2704.27002;2699.40991;2702.86011
2025-01-17;2715.40991;2717.44995;2702.88989;2703.27002
2025-01-16;2694.10010;2724.77002;2690.10010;2715.37988
2025-01-15;2674.34009;2696.060059;2669.42993;2693.93994
2025-01-14;2658.97998;2676.35010;2658.85010;2674.37988
2025-01-13;2689.93994;2693.32007;2656.90991;2658.97998
2025-01-11;2685.94995;2693.47998;2684.71997;2690.15991
2025-01-10;2670.35010;2697.89990;2664.13989;2685.93994
2025-01-09;2658.36011;2678.15991;2655.72998;2670.22998
2025-01-08;2649.43994;2669.95996;2645.35010;2658.35010
2025-01-07;2634.46997;2664.26001;2633.070068;2649.44995
2025-01-06;2639.91992;2649.46997;2614.88989;2634.47998
2025-01-04;2639.42993;2640.85010;2636.83008;2639.48999
2025-01-03;2654.93994;2665.34009;2639.17993;2639.68994
2025-01-02;2625.14990;2660.44995;2621.78003;2654.78003
2025-01-01;2623.66992;2625.030029;2622.15991;2624.56006
2024-12-31;2607.15991;2627.57007;2602.69995;2623.84009
2024-12-30;2621.61011;2628.11011;2596.19995;2607.17993
2024-12-28;2620.68994;2622.28003;2612.82007;2621.89990
2024-12-27;2634.94995;2638.36011;2611.81006;2620.72998
2024-12-26;2616.29004;2639.12012;2615.22998;2635.060059
2024-12-24;2611.37988;2621.46997;2609.22998;2617.27002
2024-12-23;2622.87988;2633.30005;2608.18994;2611.27002
2024-12-21;2627.93994;2628.13989;2619.39990;2623.29004
2024-12-20;2596.98999;2631.77002;2589.80005;2627.94995
2024-12-19;2604.63989;2626.44995;2583.55005;2596.85010
2024-12-18;2645.44995;2651.80005;2604.28003;2604.28003
2024-12-17;2653.35010;2658.76001;2633.22998;2645.40991
2024-12-16;2649.14990;2664.47998;2643.64990;2653.36011
2024-12-14;2653.030029;2653.56006;2646.23999;2648.51001
2024-12-13;2683.070068;2692.76001;2652.31006;2653.070068
2024-12-12;2718.12012;2726.30005;2675.22998;2683.070068
2024-12-11;2692.010010;2721.13989;2675.55005;2718.11011
2024-12-10;2659.96997;2695.61011;2656.82007;2691.97998
2024-12-09;2643.19995;2676.43994;2627.59009;2660.31006
2024-12-07;2635.030029;2636.46997;2631.21997;2633.19995
2024-12-06;2629.90991;2645.67993;2613.85010;2634.89990
2024-12-05;2651.72998;2655.56006;2623.68994;2629.87988
2024-12-04;2640.90991;2657.13989;2632.68994;2651.80005
2024-12-03;2637.60010;2655.62012;2634.27002;2641.030029
2024-12-02;2649.37988;2651.55005;2621.98999;2637.69995
2024-11-29;2638.67993;2666.35010;2634.43994;2650.11011
2024-11-28;2634.77002;2649.69995;2621.020020;2637.38989
2024-11-27;2628.27002;2658.21997;2627.14990;2634.78003
2024-11-26;2625.92993;2641.98999;2605.35010;2628.11011
2024-11-25;2711.84009;2721.34009;2615.72998;2625.72998
2024-11-23;2708.14990;2716.30005;2705.15991;2716.080078
2024-11-22;2669.78003;2711.47998;2668.15991;2708.22998
2024-11-21;2650.86011;2673.55005;2647.30005;2669.72998
2024-11-20;2630.81006;2655.47998;2618.96997;2650.94995
2024-11-19;2609.84009;2639.48999;2608.31006;2630.77002
2024-11-18;2568.13989;2615.090088;2568.13989;2609.87988
2024-11-16;2563.92993;2563.96997;2559.98999;2563.070068
2024-11-15;2576.060059;2576.15991;2554.62012;2563.93994
2024-11-14;2581.060059;2581.42993;2536.89990;2576.020020
2024-11-13;2598.26001;2618.68994;2577.72998;2581.050049
2024-11-12;2619.35010;2626.98999;2589.89990;2598.27002
2024-11-11;2682.55005;2686.12988;2610.76001;2619.23999
2024-11-09;2687.14990;2688.63989;2682.97998;2684.19995
2024-11-08;2694.39990;2710.43994;2680.39990;2687.18994
2024-11-07;2667.15991;2700.38989;2643.77002;2694.44995
2024-11-06;2740.44995;2749.72998;2652.60010;2667.15991
2024-11-05;2738.39990;2750.010010;2724.78003;2740.47998
2024-11-04;2733.36011;2748.22998;2732.010010;2738.38989
2024-11-02;2734.31006;2736.91992;2733.39990;2736.39990
2024-11-01;2746.57007;2762.31006;2733.31006;2734.15991
2024-10-31;2787.55005;2790.10010;2731.64990;2746.56006
2024-10-30;2772.34009;2790.010010;2771.060059;2787.56006
2024-10-29;2742.59009;2774.80005;2740.12012;2772.27002
2024-10-28;2733.68994;2745.98999;2724.80005;2742.59009
2024-10-26;2742.60010;2747.68994;2742.57007;2747.62988
2024-10-25;2736.85010;2745.10010;2717.17993;2742.56006
2024-10-24;2716.18994;2743.31006;2714.30005;2736.81006
2024-10-23;2748.65991;2758.51001;2708.88989;2716.10010
2024-10-22;2720.060059;2748.89990;2718.93994;2748.71997
2024-10-21;2723.13989;2740.60010;2714.34009;2719.93994
2024-10-19;2719.85010;2722.60010;2719.31006;2721.67993
2024-10-18;2692.13989;2721.30005;2691.020020;2719.71997
2024-10-17;2674.98999;2696.76001;2673.19995;2692.11011
2024-10-16;2661.84009;2685.27002;2658.77002;2674.97998
2024-10-15;2652.62012;2668.93994;2638.22998;2661.81006
2024-10-14;2649.93994;2666.72998;2643.31006;2652.63989
2024-10-12;2656.35010;2657.31006;2654.77002;2657.26001
2024-10-11;2629.42993;2661.47998;2628.23999;2656.17993
2024-10-10;2609.27002;2631.40991;2604.17993;2629.34009
2024-10-09;2622.98999;2624.38989;2605.22998;2609.26001
2024-10-08;2643.32007;2652.97998;2604.88989;2622.90991
2024-10-07;2651.75;2659.64990;2637.87988;2643.31006
2024-10-04;2657.070068;2670.19995;2632.10010;2653.52002
2024-10-03;2658.52002;2662.88989;2640.10010;2656.19995
2024-10-02;2661.94995;2663.32007;2641.27002;2658.80005
2024-10-01;2633.37988;2673.12012;2632.38989;2663.42993
2024-09-30;2661.73999;2666.050049;2624.77002;2634.72998
2024-09-27;2671.87988;2674.14990;2643.18994;2658.32007
2024-09-26;2657.56006;2685.61011;2655.13989;2672.43994
2024-09-25;2658.67993;2670.52002;2649.86011;2657.15991
2024-09-24;2627.17993;2664.37988;2622.81006;2657.13989
2024-09-23;2620.96997;2634.85010;2613.97998;2628.54004
2024-09-20;2586.26001;2625.82007;2584.88989;2622.27002
2024-09-19;2557.37988;2594.89990;2551.38989;2586.78003
2024-09-18;2569.48999;2600.15991;2547.15991;2559.37988
2024-09-17;2582.58008;2586.98999;2560.89990;2569.58008
2024-09-16;2578.28003;2589.68994;2575.31006;2582.51001
2024-09-13;2558.31006;2586.10010;2556.76001;2579.010010
2024-09-12;2512.32007;2560.10010;2511.11011;2558.75
2024-09-11;2516.42993;2528.86011;2501.090088;2511.51001
2024-09-10;2506.31006;2518.42993;2500.22998;2516.64990
2024-09-09;2497.050049;2507.21997;2485.71997;2506.31006
2024-09-06;2516.82007;2529.18994;2485.26001;2497.44995
2024-09-05;2495.45996;2523.22998;2493.90991;2516.76001
2024-09-04;2492.71997;2500.19995;2472.020020;2495.64990
2024-09-03;2499.37988;2506.28003;2473.68994;2492.97998
2024-09-02;2502.65991;2507.35010;2490.12012;2499.46997
2024-08-30;2521.030029;2526.80005;2494.34009;2503.44995
2024-08-29;2504.94995;2528.64990;2503.68994;2521.16992
2024-08-28;2525.27002;2529.010010;2493.71997;2504.72998
2024-08-27;2518.070068;2525.97998;2503.63989;2524.58008
2024-08-26;2512.12012;2526.85010;2508.78003;2518.040039
2024-08-23;2485.12012;2518.36011;2484.48999;2512.40991
2024-08-22;2511.96997;2514.68994;2470.90991;2484.80005
2024-08-21;2513.46997;2520.020020;2494.46997;2512.40991
2024-08-20;2503.42993;2531.71997;2497.38989;2514.020020
2024-08-19;2506.40991;2507.46997;2485.82007;2504.31006
2024-08-16;2456.19995;2509.72998;2450.82007;2507.69995
2024-08-15;2448.080078;2470.090088;2432.28003;2456.48999
2024-08-14;2466.90991;2479.81006;2438.26001;2448.020020
2024-08-13;2470.82007;2476.98999;2458.56006;2465.060059
2024-08-12;2428.30005;2473.19995;2423.89990;2472.13989
2024-08-09;2426.84009;2437.10010;2416.97998;2431.13989
2024-08-08;2382.36011;2427.64990;2381.070068;2427.27002
2024-08-07;2390.090088;2406.97998;2379.070068;2383.10010
2024-08-06;2410.76001;2418.35010;2381.84009;2389.89990
2024-08-05;2441.28003;2458.53003;2364.42993;2410.11011
2024-08-02;2446.51001;2477.72998;2411.19995;2442.67993
2024-08-01;2448.92993;2462.27002;2430.36011;2446.39990
2024-07-31;2409.73999;2450.96997;2403.94995;2447.51001
2024-07-30;2382.85010;2412.82007;2376.55005;2411.050049
2024-07-29;2388.010010;2403.25;2369.81006;2383.57007
2024-07-26;2364.33008;2390.80005;2355.87988;2387.070068
2024-07-25;2398.12012;2401.31006;2353.22998;2364.71997
2024-07-24;2408.85010;2431.98999;2396.86011;2397.29004
2024-07-23;2397.060059;2412.090088;2388.37988;2409.67993
2024-07-22;2403.84009;2412.15991;2384.020020;2396.57007
2024-07-19;2445.46997;2445.61011;2393.98999;2400.78003
2024-07-18;2458.90991;2474.93994;2440.47998;2445.090088
2024-07-17;2468.59009;2483.73999;2451.64990;2458.65991
2024-07-16;2421.97998;2469.60010;2420.070068;2468.67993
2024-07-15;2411.66992;2439.53003;2401.36011;2422.28003
2024-07-12;2414.85010;2418.31006;2391.53003;2411.11011
2024-07-11;2372.12012;2424.60010;2371.27002;2415.35010
2024-07-10;2364.42993;2386.68994;2363.32007;2371.37988
2024-07-09;2359.13989;2370.93994;2349.62012;2363.82007
2024-07-08;2389.57007;2391.19995;2351.23999;2359.20996
2024-07-05;2356.80005;2392.96997;2349.80005;2391.62012
2024-07-04;2357.030029;2362.55005;2350.81006;2357.44995
2024-07-03;2330.16992;2364.93994;2327.060059;2356.13989
2024-07-02;2332.22998;2336.78003;2319.42993;2329.46997
2024-07-01;2324.64990;2338.56006;2318.67993;2331.72998
2024-06-28;2327.60010;2339.71997;2319.18994;2326.68994
2024-06-27;2298.63989;2330.93994;2296.60010;2327.62012
2024-06-26;2319.38989;2324.020020;2293.80005;2298.26001
2024-06-25;2334.010010;2337.14990;2315.60010;2319.57007
2024-06-24;2321.43994;2334.68994;2317.78003;2334.38989
2024-06-21;2360.53003;2368.77002;2316.82007;2321.51001
2024-06-20;2330.22998;2365.53003;2327.81006;2360.15991
2024-06-19;2329.82007;2335.030029;2323.93994;2328.26001
2024-06-18;2320.060059;2333.14990;2306.65991;2329.47998
2024-06-17;2329.010010;2329.69995;2310.060059;2319.11011
2024-06-14;2303.18994;2336.63989;2301.62012;2332.79004
2024-06-13;2324.46997;2326.76001;2295.71997;2303.93994
2024-06-12;2316.62012;2341.67993;2310.82007;2324.97998
2024-06-11;2312.020020;2319.96997;2297.82007;2316.86011
2024-06-10;2297.34009;2313.82007;2287.86011;2310.97998
2024-06-07;2376.70996;2387.77002;2286.87988;2294.010010
2024-06-06;2357.050049;2378.47998;2353.64990;2375.89990
2024-06-05;2327.69995;2357.39990;2325.97998;2355.30005
2024-06-04;2351.92993;2352.80005;2315.72998;2327.010010
2024-06-03;2326.42993;2354.72998;2314.80005;2350.72998
2024-05-31;2344.26001;2359.71997;2320.64990;2327.38989
2024-05-30;2338.15991;2351.81006;2322.72998;2343.10010
2024-05-29;2362.39990;2362.59009;2334.71997;2338.26001
2024-05-28;2352.070068;2364.090088;2340.43994;2361.28003
2024-05-27;2340.27002;2358.46997;2334.57007;2350.97998
2024-05-24;2328.86011;2347.31006;2325.47998;2334.020020
2024-05-23;2378.97998;2383.77002;2327.27002;2328.62012
2024-05-22;2420.96997;2426.55005;2375.070068;2378.75
2024-05-21;2427.40991;2433.88989;2406.32007;2420.87988
2024-05-20;2417.78003;2450.060059;2407.56006;2426.36011
2024-05-17;2377.60010;2422.77002;2374.10010;2414.69995
2024-05-16;2391.92993;2397.39990;2371.10010;2377.89990
2024-05-15;2358.19507;2390.36011;2351.82007;2386.042480
2024-05-14;2338.38989;2359.65991;2334.93994;2355.87988
2024-05-13;2360.37988;2364.56006;2332.37988;2338.44995
2024-05-10;2346.26001;2378.44824;2345.25488;2360.14355
2024-05-09;2309.040039;2347.59497;2306.66504;2345.88452
2024-05-08;2315.39990;2321.42993;2303.73999;2309.050049
2024-05-07;2326.31006;2329.97998;2310.10010;2315.19995
2024-05-06;2293.97998;2331.97998;2291.90991;2326.14990
2024-05-03;2303.19507;2321.63989;2277.46509;2301.55688
2024-05-02;2319.88501;2326.57056;2285.58008;2303.28760
2024-05-01;2285.90991;2328.39502;2281.66016;2317.88257
2024-04-30;2335.10498;2336.54492;2284.57495;2284.57495
2024-04-29;2337.5;2346.85498;2320.084961;2334.43579
2024-04-26;2332.15991;2352.62012;2326.30078;2337.71509
2024-04-25;2316.19995;2344.86304;2305.28418;2331.78198
2024-04-24;2322.18994;2337.15503;2311.89502;2315.82202
2024-04-23;2326.62012;2334.48242;2291.39502;2321.81445
2024-04-22;2388.19507;2388.71729;2325.29492;2326.28589
2024-04-19;2378.60010;2417.79492;2372.95630;2390.45166
2024-04-18;2360.73999;2392.84497;2360.69629;2378.25073
2024-04-17;2383.19995;2395.625;2354.84497;2360.80566
2024-04-16;2382.86011;2398.34497;2362.94995;2382.83179
2024-04-15;2343.86011;2387.59497;2324.59497;2382.50781
2024-04-12;2373.59009;2431.53345;2333.89502;2343.42554
2024-04-11;2333.16992;2377.79736;2325.84497;2373.23779
2024-04-10;2352.90991;2360.14917;2319.54492;2332.79443
2024-04-09;2339.23999;2365.34497;2336.93970;2352.57666
2024-04-08;2321.99512;2354.094971;2302.85742;2338.89087
2024-04-05;2289.87988;2330.34009;2267.85156;2329.5
2024-04-04;2299.62012;2305.30884;2280.14502;2289.42871
2024-04-03;2279.57495;2301.22070;2265.5;2299.17017
2024-04-02;2250.87988;2281.16870;2246.78613;2280.095703
2024-04-01;2239.59497;2265.85547;2228.54492;2250.35571
2024-03-28;2194.18994;2235.89502;2187.33130;2232.37573
2024-03-27;2179.025146;2197.70508;2173.59497;2194.024902
2024-03-26;2171.82495;2200.14502;2167.74512;2178.58374
2024-03-25;2165.79492;2181.29834;2163.5;2171.45215
2024-03-22;2181.49512;2186.24512;2157.14502;2164.14502
2024-03-21;2185.99512;2222.89502;2166.49512;2180.80713
2024-03-20;2158.29492;2188.89502;2149.59937;2185.95850
2024-03-19;2160.69507;2162.92700;2146.89990;2157.22583
2024-03-18;2155.99512;2163.64014;2146.050049;2159.98608
2024-03-15;2162.39502;2173.24512;2155.19360;2155.54272
2024-03-14;2174.29004;2177.095215;2152.85718;2161.014893
2024-03-13;2158.24512;2179.91406;2155.54492;2174.39990
2024-03-12;2182.99512;2184.85547;2150.59497;2157.98999
2024-03-11;2177.70508;2189.035889;2174.80005;2182.46997
2024-03-08;2159.39502;2195.20361;2154.082275;2177.51001
2024-03-07;2148.54492;2164.54492;2144.29175;2159.15869
2024-03-06;2127.94507;2152.29492;2123.64990;2148.29004
2024-03-05;2115.14502;2142.14502;2110.52490;2127.54541
2024-03-04;2082.094971;2119.94604;2079.44751;2114.98999
2024-03-01;2043.44495;2088.39502;2038.55005;2083.38989
2024-02-29;2034.92004;2050.79492;2027.75;2043.24414
2024-02-28;2030.045044;2038.29504;2024.56006;2034.62000
2024-02-27;2030.99500;2039.99500;2028.77502;2029.63782
2024-02-26;2034.49500;2037.59497;2025.10498;2030.65796
2024-02-23;2024.49500;2041.43274;2015.55005;2035.71765
2024-02-22;2025.24500;2034.84497;2019.69995;2024.11243
2024-02-21;2023.79504;2032.21570;2020.19495;2024.98999
2024-02-20;2017.99500;2030.96326;2015.021606;2023.52783
2024-02-19;2013.15503;2023.34497;2011.56995;2017.62524
2024-02-16;2004.39502;2015.25439;1995.25500;2013.10083
2024-02-15;1992.69495;2008.49500;1990.25110;2004.087524
2024-02-14;1992.54504;1996.14478;1984.29504;1992.39001
2024-02-13;2019.89502;2030.045044;1990.18787;1992.13306
2024-02-12;2024.52502;2028.094971;2011.91003;2019.79004
2024-02-09;2033.64502;2037.44495;2020.30115;2024.15698
2024-02-08;2034.54504;2038.94495;2019.75;2033.17786
2024-02-07;2035.89502;2044.65491;2030.64502;2034.21863
2024-02-06;2024.99500;2039.020020;2022.55005;2035.46228
2024-02-05;2039.90503;2042.32410;2014.40002;2024.67065
2024-02-02;2055.094971;2058.19507;2027.44995;2038.58997
2024-02-01;2037.59497;2065.41968;2029.55005;2054.090088
2024-01-31;2036.57996;2056.078369;2031.0018311;2037.18994
2024-01-30;2031.96997;2048.47534;2029.18994;2036.11511
2024-01-29;2019.39502;2037.74939;2017.38379;2031.74878
2024-01-26;2019.94495;2026.79504;2015.96948;2018.33997
2024-01-25;2012.84497;2025.26562;2010.14502;2019.75183
2024-01-24;2028.94495;2036.74500;2011.28088;2012.58997
2024-01-23;2021.24500;2037.92456;2019.58997;2027.67810
2024-01-22;2029.89502;2032.28369;2016.74500;2020.094849
2024-01-19;2023.045044;2039.49500;2020.36548;2029.089966
2024-01-18;2006.094971;2023.44727;2005.42505;2022.67041
2024-01-17;2027.89502;2033.045044;2001.91003;2005.71936
2024-01-16;2054.90991;2055.64600;2024.29004;2027.58997
2024-01-15;2048.094971;2059.24512;2045.79504;2054.48999
2024-01-12;2028.29504;2062.34668;2027.99500;2048.71924
2024-01-11;2023.74500;2039.69495;2013.31909;2028.089966
2024-01-10;2029.94495;2040.44495;2020.44995;2023.40198
2024-01-09;2028.39502;2042.094971;2026.11401;2029.59485
2024-01-08;2044.084961;2046.71350;2016.84497;2027.84302
2024-01-05;2043.69495;2064.026855;2024.49500;2045.49561
2024-01-04;2041.34497;2051.39502;2036.24500;2043.26465
2024-01-03;2059.14502;2066.11865;2030.67505;2040.19031
2024-01-02;2062.90479;2079.020020;2056.044922;2058.51050
2024-01-01;2064.23999;2074.89990;2063.30005;2063.80005
2023-12-29;2065.14502;2075.14502;2057.75;2062.59009
2023-12-28;2077.34497;2088.53882;2065.89380;2066.042236
2023-12-27;2066.69507;2084.58789;2061;2076.99512
2023-12-26;2055.72510;2068.64502;2053.59351;2067.19995
2023-12-25;2054.32007;2058.36011;2053.95996;2054.92993
2023-12-22;2045.84497;2070.64502;2045.64502;2052.97510
2023-12-21;2029.44495;2046.067749;2029.44495;2045.49414
2023-12-20;2040.34497;2043.94495;2029.18994;2029.18994
2023-12-19;2027.29504;2047.074097;2021.73657;2040.12085
2023-12-18;2020.094971;2033.70911;2015.99500;2026.99792
2023-12-15;2035.79504;2045.54504;2015.68372;2018.18994
2023-12-14;2026.59497;2047.98499;2024.32776;2035.52795
2023-12-13;1979.74500;2027.54504;1973.091675;2026.39001
2023-12-12;1981.59497;1996.79504;1977.18506;1979.4375
2023-12-11;2003.59998;2008.71997;1975.94995;1981.30298
2023-12-08;2028.69495;2034.18616;1994.74475;2003.39001
2023-12-07;2025.29504;2039.92603;2020.26001;2028.33752
2023-12-06;2019.74500;2036.29504;2017.26550;2024.89746
2023-12-05;2030.14502;2041.32703;2010.015015;2019.42029
2023-12-04;2071.070068;2135.71997;2020.41003;2030.060059
2023-12-01;2034.49500;2075.34497;2033.75;2070.90112
2023-11-30;2044.79504;2047.59497;2031.84497;2035.75452
2023-11-29;2041.24500;2052.094971;2035.050049;2044.58997
2023-11-28;2013.94495;2042.99707;2011.59998;2040.89001
2023-11-27;2002.77502;2018.13953;2000.66772;2013.64294
2023-11-24;1994.064941;2003.68164;1991.40002;2001.96997
2023-11-23;1990.14502;1999.19495;1989.011597;1991.79004
2023-11-22;1998.69495;2006.89502;1986.89001;1989.72351
2023-11-21;1977.49500;2007.51501;1977.33655;1998.36926
2023-11-20;1980.39001;1985.26270;1965.19995;1977.19409
2023-11-17;1981.20996;1993.94495;1978.59497;1980.0076904
2023-11-16;1959.44495;1988.034668;1956.49451;1980.85120
2023-11-15;1963.045044;1975.59497;1955.40503;1959.091187
2023-11-14;1946.19495;1970.84497;1943.40002;1962.67395
2023-11-13;1937.050049;1949.26892;1931.72522;1945.89001
2023-11-10;1958.39502;1960.92590;1933.17505;1936.79004
2023-11-09;1950.094971;1965.69495;1944.30005;1958.18994
2023-11-08;1968.84497;1971.12170;1947.47876;1949.79004
2023-11-07;1978.19495;1978.75244;1956.19995;1968.40491
2023-11-06;1992.29504;1993.29504;1977.52051;1977.68335
2023-11-03;1985.69495;2004.055542;1983.26196;1992.26758
2023-11-02;1983.52502;1991.49500;1978.89502;1985.50696
2023-11-01;1983.014893;1992.09375;1969.90405;1982.15002
2023-10-31;1996;2007.79504;1978.89502;1982.70496
2023-10-30;2004.79504;2007.37012;1990.5;1995.87842
2023-10-27;1985.17004;2009.48206;1976.34998;2005.78369
2023-10-26;1979.96997;1994.045044;1971.59998;1984.81775
2023-10-25;1971.35999;1987.19495;1963.34497;1979.61841
2023-10-24;1972.96997;1980.99353;1953.5;1970.10999
2023-10-23;1972.89502;1983.39502;1964.35791;1972.59326
2023-10-20;1974.31006;1997.27185;1971.92505;1981.044556
2023-10-19;1947.99500;1977.86194;1945.18286;1973.70349
2023-10-18;1923.69995;1962.73743;1923.045044;1947.68860
2023-10-17;1920.14001;1931.55920;1911.84998;1922.45544
2023-10-16;1929.29504;1931.79504;1907.65002;1919.43872
2023-10-13;1869.020020;1933.76282;1868.94495;1931.69751
2023-10-12;1874.099976;1885.29504;1866.91504;1868.64905
2023-10-11;1859.99500;1877.21997;1858.59595;1873.60815
2023-10-10;1861.27002;1865.64502;1852.65002;1860.087402
2023-10-09;1832.73999;1864.14502;1832.63245;1860.88147
2023-10-06;1820.39502;1834.96997;1810.099976;1832.25732
2023-10-05;1820.49500;1829.30005;1812.69995;1820.0058594
2023-10-04;1824.29504;1831.045044;1816.15002;1821.075439
2023-10-03;1827.96484;1833.36340;1814.69995;1822.81165
2023-10-02;1848.13000;1849.063965;1826.59998;1827.40332
2023-09-29;1865.42505;1880.24500;1846.33582;1848.31335
2023-09-28;1875.73499;1880.14502;1857.75879;1864.55908
2023-09-27;1900.69495;1903.95142;1872.47498;1874.69531
2023-09-26;1916.030029;1916.89099;1899.17371;1900.48608
2023-09-25;1925.23999;1927.26001;1915.0030518;1915.65527
2023-09-22;1920.084961;1929.64502;1919.57629;1924.98755
2023-09-21;1930.99500;1931.73889;1913.40002;1919.56909
2023-09-20;1931.69495;1947.79602;1927.90320;1929.68384
2023-09-19;1933.68005;1937.94495;1929.71436;1930.94495
2023-09-18;1924.19495;1934.60754;1922.15002;1933.13965
2023-09-15;1910.89502;1930.84497;1909.74500;1923.57495
2023-09-14;1906.68005;1912.98987;1900.95496;1910.31885
2023-09-13;1913.55005;1916.29504;1905.5;1906.30225
2023-09-12;1922.89502;1925.045044;1907.15002;1913.26135
2023-09-11;1919.16003;1930.89502;1916.89502;1921.66260
2023-09-08;1919.56995;1930.19495;1917.35950;1917.80505
2023-09-07;1916.86499;1923.67004;1916.099976;1919.18665
2023-09-06;1926.16003;1929.79504;1914.80005;1916.27588
2023-09-05;1938.59497;1939.12561;1925.21753;1925.81116
2023-09-04;1940.49500;1946.42004;1936.15002;1938.19128
2023-09-01;1940.19495;1953.44495;1934.59497;1938.79504
2023-08-31;1942.60999;1948.19495;1938.86499;1939.74414
2023-08-30;1937.47998;1949.036255;1934.94495;1942.23987
2023-08-29;1920.22998;1938.41125;1914;1937.12219
2023-08-28;1916.094971;1926.18506;1912.83350;1919.65857
2023-08-25;1917.79993;1923.094971;1903.40002;1914.52551
2023-08-24;1914.15002;1923.94495;1911.34998;1916.59705
2023-08-23;1897.79504;1920.94495;1897.22815;1914.31494
2023-08-22;1895.094971;1905.045044;1888.59998;1897.0026855
2023-08-21;1889.40002;1899.045044;1884.5;1893.94495
2023-08-18;1889.49500;1897.44495;1886.19995;1888.19336
2023-08-17;1892.20496;1903.89502;1884.5;1888.88733
2023-08-16;1901.59497;1907.89502;1891.30005;1891.76221
2023-08-15;1907.39502;1912.19495;1896.15002;1901.55713
2023-08-14;1913.66992;1916.54504;1902.19995;1907.90259
2023-08-11;1912.64502;1921.14502;1910.94495;1913.31824
2023-08-10;1914.93994;1930.10925;1911.72876;1912.060669
2023-08-09;1925.16003;1932.47998;1914.048340;1914.58899
2023-08-08;1936.76001;1938.15320;1922.5;1924.81506
2023-08-07;1942.59497;1946.81458;1931.52502;1936.38708
2023-08-04;1934.12000;1947.19495;1929.75;1941.62329
2023-08-03;1934.65503;1939.030029;1929.54504;1933.73694
2023-08-02;1945.74500;1955.39502;1933;1933.56494
2023-08-01;1965.099976;1966.24500;1941.20496;1944.079346
2023-07-31;1959.49500;1972.44495;1951;1964.18835
2023-07-28;1944.27087;1963.70996;1944.27087;1959.20129
2023-07-27;1972.075073;1982.24500;1942.61047;1944.98621
2023-07-26;1964.99500;1978.31470;1961.99451;1972.10315
2023-07-25;1955.19995;1966.029907;1953.20764;1964.58240
2023-07-24;1962.094971;1967.97009;1953.41870;1954.51257
2023-07-21;1969.98999;1973.88879;1956.82495;1960.22729
2023-07-20;1976.79504;1987.59497;1965.40002;1969.62012
2023-07-19;1978.96997;1981.045044;1969.74731;1976.73572
2023-07-18;1954.59497;1984.39331;1954.44495;1978.71497
2023-07-17;1954.89502;1959.91003;1945.82446;1954.73547
2023-07-14;1961.58496;1963.81482;1951;1954.92542
2023-07-13;1957.43994;1963.69495;1952.71448;1960.19446
2023-07-12;1932.59497;1959.82227;1932.18237;1957.088501
2023-07-11;1925.39502;1938.69495;1924.39880;1931.99500
2023-07-10;1925.19495;1928.31152;1912.67932;1924.99365
2023-07-07;1911.069946;1934.92004;1909.55579;1924.28247
2023-07-06;1916.045044;1927.68994;1902.67505;1910.79724
2023-07-05;1925.90002;1935.16504;1914.48254;1917.32239
2023-07-04;1921.78003;1930.83997;1919.89502;1925.089966
2023-07-03;1919.39502;1931.094971;1910.099976;1921.42847
2023-06-30;1908.53003;1922.89795;1900.55652;1919.56543
2023-06-29;1908.79504;1913.14844;1893.0096436;1908.15247
2023-06-28;1913.59497;1917.23792;1902.84497;1907.42334
2023-06-27;1923.20996;1930.84998;1911.18506;1913.35254
2023-06-26;1924.29504;1933.47998;1921.59497;1922.85327
2023-06-23;1913.79504;1937.099976;1910.24500;1921.36316
2023-06-22;1932.094971;1935.0023193;1912.34497;1913.51599
2023-06-21;1935.42004;1939.54504;1919.34497;1932.26306
2023-06-20;1950.89502;1956.86865;1929.77014;1935.91394
2023-06-19;1957.99500;1958.92505;1947.80005;1950.12000
2023-06-16;1957.68005;1967.99878;1953.41943;1957.36255
2023-06-15;1943.44495;1960.34302;1925.29504;1957.65479
2023-06-14;1943.49500;1960.40503;1939.72546;1942.99036
2023-06-13;1957.69495;1970.74500;1939.99500;1943.32849
2023-06-12;1960.25;1967.54504;1948.80005;1956.92175
2023-06-09;1968.099976;1973.094971;1956.72864;1960.59973
2023-06-08;1940.59497;1970.49756;1939.80591;1967.76147
2023-06-07;1963.59497;1970.26318;1939.63184;1939.63184
2023-06-06;1962.10999;1966.84998;1954;1962.84753
2023-06-05;1947.59497;1964.13049;1938.14465;1961.45276
2023-06-02;1978.13989;1983.51501;1947.63220;1947.63220
2023-06-01;1962.79504;1983.26501;1953.42725;1977.87512
2023-05-31;1959.29504;1975.34497;1953.66650;1962.30115
2023-05-30;1944.19495;1963.63281;1932.081909;1959.14453
2023-05-29;1944.094971;1949.74988;1940.29504;1942.83997
2023-05-26;1940.68994;1957.39502;1936.84497;1946.32507
2023-05-25;1958.13440;1964.94995;1938.86255;1940.33643
2023-05-24;1975.19495;1985.30005;1956.51379;1957.011353
2023-05-23;1971.99500;1977.79504;1954.28589;1974.72754
2023-05-22;1977.79504;1982.65723;1968.40002;1969.43164
2023-05-19;1957.39502;1984.094971;1954.049927;1976.55505
2023-05-18;1981.51501;1986.12024;1951.96606;1958.053345
2023-05-17;1988.93994;1993.13354;1974.80005;1981.72217
2023-05-16;2015.89502;2018.94495;1985.47498;1988.60339
2023-05-15;2011.71997;2022.20325;2007.27588;2018.41003
2023-05-12;2015.19495;2022.56494;2001.045044;2011.15002
2023-05-11;2030.55505;2041.44495;2011.19495;2015.54993
2023-05-10;2034.19495;2048.21997;2021.57166;2029.51001
2023-05-09;2022.23999;2037.70496;2019.5;2034.17004
2023-05-08;2015.94995;2029.625;2014.10498;2021.39001
2023-05-05;2051.72510;2053.13208;1999.30005;2016.54285
2023-05-04;2036.86499;2073.29492;2030.34106;2051.10840
2023-05-03;2036.85999;2080.71997;2030.33997;2051.11011
2023-05-02;1982.81006;2019.53503;1978.38342;2016.27795
2023-05-01;1991.34497;2006.045044;1977.050049;1982.045288
2023-04-28;1986.75;1995.125;1976.084961;1989.64746
2023-04-27;1987.58496;2003.44995;1973.79504;1987.87024
2023-04-26;2000.63000;2009.51001;1983.42505;1989.47986
2023-04-25;1991.44995;2003.90002;1976.14453;1997.87231
2023-04-24;1981.33997;1990.96997;1974.18506;1988.87573
2023-04-21;2004.28503;2005.75;1971.64502;1982.89478
2023-04-20;1993.57996;2012.74500;1990.48865;2004.33838
2023-04-19;2007.49500;2008.33093;1969.27686;1993.26416
2023-04-18;1995.19495;2011.97998;1991.32837;2004.92603
2023-04-17;2001.84998;2015.13000;1981.34497;1994.77112
2023-04-14;2040.39502;2047.60034;1992.40674;2003.040039
2023-04-13;2014;2048.84497;2012.44995;2039.73499
2023-04-12;2003.66504;2028.39502;2001.17505;2014.67114
2023-04-11;1990.36499;2007.57971;1988.72095;2003.14087
2023-04-10;2008.29504;2011.17383;1981.59497;1989.65247
2023-04-06;2020.125;2021.625;2000.87720;2008.016357
2023-04-05;2020.44006;2032.20496;2009.99500;2020.35327
2023-04-04;1984.59497;2025.18994;1977.012939;2019.97021
2023-04-03;1970.84497;1990.64001;1949.82288;1984.10571
2023-03-31;1978.62000;1987.84497;1966.89062;1967.90002
2023-03-30;1962.57996;1984.40039;1955.44080;1980.25024
2023-03-29;1972.81995;1974.63501;1958.62000;1964.040405
2023-03-28;1957.22998;1975.44995;1948.66003;1973.69275
2023-03-27;1977.66003;1979.89001;1943.67505;1956.55945
2023-03-24;1993.99500;2003.19495;1975.17505;1977.21716
2023-03-23;1967.91003;2003.43457;1964.38501;1993.50330
2023-03-22;1940.43506;1978.92505;1934.32996;1969.58105
2023-03-21;1979.17004;1985.30139;1935.41077;1940.14612
2023-03-20;1987.59497;2010.19495;1965.77002;1978.71216
2023-03-17;1920;1989.79932;1918.32996;1987.93005
2023-03-16;1920.54004;1934.12000;1907.54712;1919.11609
2023-03-15;1903.91003;1937.45605;1885.78210;1918.097534
2023-03-14;1913.18994;1914.51501;1895.17004;1902.11707
2023-03-13;1869.010010;1914.79004;1869.010010;1913.23499
2023-03-10;1830.96497;1870.27954;1827.71497;1867.82996
2023-03-09;1813.65002;1835.56006;1811.83997;1830.89001
2023-03-08;1813.61499;1824.37817;1809.40161;1813.58997
2023-03-07;1846.92004;1852.26001;1812.72498;1813.52002
2023-03-06;1855.35498;1858.84497;1845.079956;1846.84998
2023-03-03;1836.099976;1856.46997;1834.50500;1854.96997
2023-03-02;1837.20496;1838.93994;1829.43994;1836.00036621
2023-03-01;1827.24500;1845.050049;1823.046387;1836.80505
2023-02-28;1817.375;1831.26501;1804.65002;1827.15002
2023-02-27;1812.0050049;1820.22498;1806.68201;1817.31006
2023-02-24;1822.74500;1827.97937;1808.90503;1810.81006
2023-02-23;1825.12000;1834.42505;1817.55005;1822.64001
2023-02-22;1834.70996;1846.25500;1823.045044;1825.040039
2023-02-21;1841.71497;1844.44495;1829.69995;1834.32324
2023-02-20;1842.73499;1847.85999;1837.09375;1841.14001
2023-02-17;1837.51501;1843.76501;1818.34497;1841.58997
2023-02-16;1836.56494;1845.45496;1827.18005;1837.43994
2023-02-15;1854.35498;1860.18188;1830.19995;1836.18994
2023-02-14;1853.67004;1871.030029;1843.19995;1854.29004
2023-02-13;1865.69495;1866.83447;1850.41760;1853.39001
2023-02-10;1861.68005;1872.31494;1852.69019;1864.67004
2023-02-09;1875.64001;1890.68994;1858.89014;1861.39001
2023-02-08;1874.045044;1886.28369;1867.40149;1875.58997
2023-02-07;1867.38501;1884.44775;1864.93518;1873.81006
2023-02-06;1865.16504;1881.53503;1860.38501;1867.35999
2023-02-03;1912.57495;1918.71997;1861.41492;1865.53003
2023-02-02;1950.53503;1959.76941;1911.32910;1912.37000
2023-02-01;1927.92004;1954.63000;1920.56006;1950.42004
2023-01-31;1922.81995;1931.15417;1900.74500;1927.88000
2023-01-30;1928.39502;1934.61499;1920.58496;1922.51733
2023-01-27;1929.40002;1935.14502;1916.64502;1927.33997
2023-01-26;1946.094971;1949.27087;1918.74500;1928.98999
2023-01-25;1937.53503;1948.12000;1919.88000;1945.93005
2023-01-24;1931.35498;1942.92505;1916.82495;1937.44995
2023-01-23;1926.20496;1935.69055;1911.43506;1931.30005
2023-01-20;1931.47998;1937.71814;1920.57642;1926.57397
2023-01-19;1903.83496;1935.40002;1900.48499;1931.39001
2023-01-18;1908.46497;1926.29504;1896.55957;1903.76001
2023-01-17;1917.81494;1919.82996;1903.50500;1908.39001
2023-01-16;1920.38501;1929.24219;1910.73999;1918.00061035
2023-01-13;1897.030029;1922.23999;1891.80005;1920.20996
2023-01-12;1876.42505;1901.875;1873.63501;1896.85999
2023-01-11;1877.29504;1887.089966;1866.75;1876.38000
2023-01-10;1871.66003;1881.035034;1867.37000;1877.27002
2023-01-09;1865.45496;1881.80005;1864.58997;1871.58997
2023-01-06;1833.26501;1870.37000;1830.53003;1865.70996
2023-01-05;1854.19495;1859.35999;1824.67505;1833.18994
2023-01-04;1839.51001;1865.49500;1835.92004;1854.089966
2023-01-03;1826.13501;1850.69495;1824.42004;1839.48999
2023-01-02;1823.85498;1823.94495;1823.68994;1823.68994
2022-12-30;1815.14001;1826.73499;1809.83997;1824.40002
2022-12-29;1804.15503;1820.52002;1802.020020;1814.89001
2022-12-28;1814;1815.18005;1796.56006;1804.089966
2022-12-27;1796.67004;1833.39270;1796.20496;1813.93005
2022-12-26;1798.57495;1798.77991;1797.61462;1797.61462
2022-12-23;1792.64502;1803.59998;1789.61621;1797.91003
2022-12-22;1814.20496;1821.099976;1784.11499;1792.56995
2022-12-21;1818.055054;1824.38501;1811.23999;1814.13000
2022-12-20;1787.48999;1821.59998;1784.21497;1817.40845
2022-12-19;1793.125;1799.10498;1783.47998;1787.43994
2022-12-16;1776.72498;1794.68506;1773.88501;1792.33997
2022-12-15;1807.39502;1809.094971;1772;1776.66003
2022-12-14;1810.48999;1814.18506;1796.074951;1807.27002
2022-12-13;1781.20996;1824.87000;1779.81494;1810.29004
2022-12-12;1797.34998;1798;1777.21997;1781.15002
2022-12-09;1789.30005;1806.44995;1787.96497;1796.63000
2022-12-08;1786.28503;1795.17505;1780.95996;1789.22998
2022-12-07;1771.13501;1790.92004;1768.32495;1786.21997
2022-12-06;1768.66504;1781.46497;1765.72266;1770.91003
2022-12-05;1797.91504;1810.33496;1765.32495;1768.39001
2022-12-02;1803.15002;1804.93005;1778.25500;1797.81995
2022-12-01;1768.53503;1804.31995;1767.36499;1802.89001
2022-11-30;1749.82495;1770.38501;1744.40503;1768.44995
2022-11-29;1740.81995;1759.32996;1738.97998;1749.72998
2022-11-28;1755;1764.084961;1739.14001;1740.75
2022-11-25;1756.48010;1761.57996;1745.45996;1756.14001
2022-11-24;1749.52502;1759.084961;1749.025024;1754.95996
2022-11-23;1740.29504;1753.53821;1728.25;1749.28003
2022-11-22;1738.48499;1749.98499;1736.61499;1740.23999
2022-11-21;1750.82495;1753.51501;1732.030029;1737.80811
2022-11-18;1760.74500;1767.98499;1747.035034;1749.73999
2022-11-17;1773.82251;1775.20496;1754.125;1760.87000
2022-11-16;1778.33997;1785.49500;1769.82495;1773.77002
2022-11-15;1771.875;1786.68005;1766.56494;1778.25
2022-11-14;1771.41504;1775.35999;1752.89502;1771.80005
2022-11-11;1754.92004;1773.17004;1746.85498;1770.68994
2022-11-10;1706.41504;1757.52002;1703.32495;1754.86035
2022-11-09;1712.60498;1722.94495;1701.78503;1706.31995
2022-11-08;1674.75;1717.31006;1664.32495;1712.52002
2022-11-07;1681.29504;1682.084961;1666.43506;1674.68005
2022-11-04;1629.40002;1682.17383;1628.23499;1680.27002
2022-11-03;1635.80005;1641.32495;1616.17505;1629.15002
2022-11-02;1647.77002;1669.60498;1634.40002;1634.88696
2022-11-01;1633.39514;1657.125;1630.92505;1647.50330
2022-10-31;1643.69495;1645.79504;1631.76501;1633.12244
2022-10-28;1663.30005;1667.43994;1637.39001;1641.76001
2022-10-27;1664.5;1671.089966;1654.80505;1662.93994
2022-10-26;1653.21497;1675.12000;1649.14502;1664.48840
2022-10-25;1649.69995;1662.89001;1637.81995;1652.52393
2022-10-24;1658.19495;1670.54504;1643.64001;1648.59998
2022-10-21;1628.099976;1659.080078;1617.20996;1656.66003
2022-10-20;1629.92993;1645.82996;1621.93005;1627.66370
2022-10-19;1651.99500;1654.89502;1627.25;1628.48828
2022-10-18;1650.49500;1661.26501;1645.60999;1651.82727
2022-10-17;1644.094971;1668.69495;1643.69495;1649.94470
2022-10-14;1665.89502;1672.015015;1639.89502;1641.75842
2022-10-13;1673.29504;1682.84497;1642.25;1665.79724
2022-10-12;1666.49500;1678.89502;1660.94995;1672.50525
2022-10-11;1668.39502;1684.44495;1660.44995;1665.30750
2022-10-10;1696.79504;1700.33496;1665.30005;1667.95642
2022-10-07;1711.099976;1715.39502;1690.34998;1694.52002
2022-10-06;1716.060059;1726.094971;1706.52502;1710.84998
2022-10-05;1726.42493;1728.099976;1700.15002;1715.81055
2022-10-04;1699.39502;1729.73499;1694.73499;1726.24084
2022-10-03;1661.29504;1701.79504;1659.099976;1699.22253
2022-09-30;1661.125;1675.56995;1658.92505;1659.67004
2022-09-29;1659.88000;1665.12000;1641.050049;1660.29175
2022-09-28;1629.26001;1663.17004;1614.34998;1659.44495
2022-09-27;1621.99500;1642.94495;1621.77002;1628.80237
2022-09-26;1645.39502;1650.020020;1620.80005;1621.56750
2022-09-23;1671.54504;1676.59497;1639.59497;1643.089966
2022-09-22;1675.055054;1685.49500;1655.52502;1670.53455
2022-09-21;1663.67004;1688.15002;1654.14502;1673.73682
2022-09-20;1675.46997;1679.34497;1659.59998;1663.10889
2022-09-19;1675.44495;1680.16003;1659.67053;1675.77576
2022-09-16;1664.27002;1680.69495;1653.84998;1674.94482
2022-09-15;1696.055054;1698.62000;1660.035034;1663.74084
2022-09-14;1701.85999;1707.49500;1693.25500;1695.79504
2022-09-13;1724.75;1732.34497;1696.69995;1701.55396
2022-09-12;1717.045044;1735.37000;1711.97498;1724.070190
2022-09-09;1708.84497;1729.94495;1708.21997;1716.050049
2022-09-08;1718.39502;1728.79504;1703.5;1707.27502
2022-09-07;1701.60999;1719.81995;1690.90002;1717.69348
2022-09-06;1710.56494;1727.24500;1699.30005;1701.15308
2022-09-05;1712.99500;1716.34497;1707.47498;1710.20630
2022-09-02;1696.34998;1718.31006;1694.64001;1711.43994
2022-09-01;1711.094971;1711.81006;1688.34998;1696.089966
2022-08-31;1723.83008;1726.85999;1709.10498;1710.70496
2022-08-30;1738.36499;1740.92505;1720.85498;1723.54980
2022-08-29;1736.19495;1745.63000;1720.079956;1737.82373
2022-08-26;1758.54504;1759.31494;1733.82996;1736.85999
2022-08-25;1751.54504;1765.92505;1749.70996;1758.43738
2022-08-24;1748.54504;1755.88440;1742.28503;1750.88818
2022-08-23;1736.40002;1754.28210;1730.51501;1747.67456
2022-08-22;1747.045044;1749.30750;1727.50500;1735.70496
2022-08-19;1759.29504;1759.88000;1745.19495;1747.82898
2022-08-18;1761.625;1772.59497;1755.36829;1758.19556
2022-08-17;1775.97986;1782.63000;1759.58496;1761.050049
2022-08-16;1779.74500;1783.37000;1771.32996;1775.54175
2022-08-15;1802.045044;1802.53247;1772.75;1779.35901
2022-08-12;1790.060059;1802.86499;1784.51501;1801.76123
2022-08-11;1792.39001;1799.39502;1783.24500;1789.45044
2022-08-10;1794.21497;1807.89502;1787.32495;1792.12781
2022-08-09;1789.20996;1800.44995;1782.84998;1794.084595
2022-08-08;1773.57495;1790.25500;1770.93506;1788.52393
2022-08-05;1791.16003;1795.28503;1764.88000;1774.15002
2022-08-04;1765.34045;1795.28503;1763;1790.96704
2022-08-03;1760.53491;1772.89502;1754.33496;1764.89600
2022-08-02;1772.22998;1788.24500;1759.74658;1759.74658
2022-08-01;1765.045044;1775.22498;1758.047974;1771.72925
2022-07-29;1755.81006;1768.17004;1752.18506;1765.21997
2022-07-28;1734.60999;1757.42505;1733.59497;1755.10815
2022-07-27;1717.41003;1740.59998;1711.46448;1733.89221
2022-07-26;1719.68994;1728.36084;1713.19995;1717.00048828
2022-07-25;1728.14502;1736.42505;1714.57495;1718.78003
2022-07-22;1718.61011;1739.28406;1712.92908;1726.45996
2022-07-21;1696.72998;1720.69495;1680.77502;1718.49243
2022-07-20;1711.29504;1714.94495;1692.53320;1696.43298
2022-07-19;1709.27002;1718.64001;1704.95996;1711.065552
2022-07-18;1707.94495;1724.045044;1705.89380;1709.011841
2022-07-15;1709.81494;1716.92004;1698.81995;1706.78003
2022-07-14;1735.69556;1736.93665;1697.48499;1709.44910
2022-07-13;1726.16504;1745.53503;1707.375;1735.23145
2022-07-12;1733.99500;1743.49500;1722.93005;1725.80603
2022-07-11;1742.85999;1744.91504;1731.010010;1733.67261
2022-07-08;1740.050049;1752.49622;1733.24500;1741.81995
2022-07-07;1738.93005;1749.13953;1735.94995;1739.61145
2022-07-06;1764.87000;1773.060059;1731.75;1738.30347
2022-07-05;1808.73547;1812.41504;1763.48499;1764.35278
2022-07-04;1812.26575;1814.35657;1803.44995;1809.11658
2022-07-01;1807.31006;1812.094971;1784.099976;1810.18005
2022-06-30;1817.80005;1825.89502;1802.19995;1806.88696
2022-06-29;1819.95496;1833.24500;1812.099976;1817.10901
2022-06-28;1822.84998;1830.094971;1818.19995;1819.69495
2022-06-27;1838.14502;1841.34497;1820.40002;1822.72998
2022-06-24;1822.88000;1832.14502;1816.69995;1826.18005
2022-06-23;1837.87000;1846.19495;1821.875;1822.42932
2022-06-22;1832.95996;1848.44495;1823.23499;1837.38635
2022-06-21;1838.37415;1844.14502;1828.28503;1832.55847
2022-06-20;1840.40002;1846.42004;1834.49500;1838.28760
2022-06-17;1857.33997;1858.29260;1833.72498;1839.34998
2022-06-16;1833.98999;1857.91370;1815.94995;1856.70752
2022-06-15;1808.35498;1841.74500;1807.23914;1833.37927
2022-06-14;1819.099976;1832.19495;1804.65002;1808.099976
2022-06-13;1875.79504;1877.37683;1818.77417;1818.77417
2022-06-10;1848.085083;1876.47498;1825.015015;1870.95996
2022-06-09;1853.53003;1855.52002;1839.59998;1847.60950
2022-06-08;1852.51001;1859.89502;1844.34998;1853.25500
2022-06-07;1841.59998;1855.85999;1836.72998;1851.97412
2022-06-06;1850.29248;1858.14502;1840.50244;1840.99817
2022-06-03;1868.53003;1874.30005;1847.020020;1850.76562
2022-06-02;1846.44495;1870.69495;1843.75500;1868.12769
2022-06-01;1837.37000;1850.39502;1828.28003;1845.55005
2022-05-31;1856.39502;1857.69495;1834.89502;1837.092529
2022-05-30;1852.19495;1864.34497;1847.91504;1856.21289
2022-05-27;1850.47998;1862.29504;1847.76001;1852.72998
2022-05-26;1853.47998;1854.70996;1841.13501;1850.023560
2022-05-25;1865.089966;1868.39502;1842.94495;1852.83069
2022-05-24;1853.59497;1869.98999;1849.060059;1865.90002
2022-05-23;1846.53003;1865.64502;1844.076294;1853.21851
2022-05-20;1842.12000;1849.59497;1832.34998;1845.68005
2022-05-19;1816.60498;1849.45996;1810.55005;1841.71875
2022-05-18;1815.19995;1825.020020;1807.29504;1815.60999
2022-05-17;1824.18005;1836.54504;1812.67505;1814.66846
2022-05-16;1811.050049;1827.23499;1786.94995;1823.79041
2022-05-13;1822.47998;1829.060059;1799.24500;1811.15442
2022-05-12;1852.57996;1859.29504;1820.93005;1821.71997
2022-05-11;1838.40503;1857.99500;1831.83276;1852.12024
2022-05-10;1853.73999;1865.76001;1835.45996;1838.14307
2022-05-09;1883.79504;1885.95496;1851.35999;1853.92065
2022-05-06;1877.29504;1892.92505;1865.84497;1882.95654
2022-05-05;1881.46997;1910.030029;1872.47998;1876.84082
2022-05-04;1868.035034;1889.74500;1861.17004;1880.92285
2022-05-03;1863.050049;1878.18506;1850.32996;1867.78503
2022-05-02;1896.094971;1900.10498;1854.74500;1862.76758
2022-04-29;1894.43005;1919.97498;1892.24658;1896.39587
2022-04-28;1886.14001;1897.31995;1872.19495;1894.34229
2022-04-27;1905.45496;1907.25208;1881.39001;1886.11536
2022-04-26;1897.95496;1911.5;1895.38000;1905.55762
2022-04-25;1931.094971;1934.70862;1891.050049;1897.69250
2022-04-22;1951.49500;1955.92505;1926.51501;1929.72998
2022-04-21;1957.83997;1958;1936.78503;1951.49500
2022-04-20;1950.34497;1958.56995;1939.15503;1957.40503
2022-04-19;1979.19495;1982.30505;1943.79504;1949.83997
2022-04-18;1972.84497;1998.59998;1971.045044;1978.49670
2022-04-15;1974.28003;1975.69189;1973.052490;1974.53589
2022-04-14;1977.77954;1980.81006;1960.89502;1973.51953
2022-04-13;1967.21497;1981.82495;1962.58997;1977.72278
2022-04-12;1953.99500;1978.62549;1949.47998;1966.58997
2022-04-11;1947.14502;1969.40503;1940.045044;1953.43237
2022-04-08;1931.92493;1948.45532;1927.375;1945.84998
2022-04-07;1925.32495;1938.074951;1920.27002;1932.17407
2022-04-06;1923.69006;1933.64502;1915.24500;1925.48083
2022-04-05;1933.375;1944.72998;1917.73999;1923.75745
2022-04-04;1924.94495;1937.050049;1915.54504;1932.43909
2022-04-01;1937.50500;1939.98755;1917.55505;1924.30005
2022-03-31;1932.79504;1949.91504;1918.97998;1937.22998
2022-03-30;1920.069946;1938.53003;1915.73999;1933.059448
2022-03-29;1922.95496;1929.40503;1890.030029;1919.18506
2022-03-28;1958.75;1959.35962;1916.82996;1923.20251
2022-03-25;1957.48999;1964.48999;1943.54504;1957.40002
2022-03-24;1944.88000;1966.19495;1937.17505;1957.47998
2022-03-23;1922.35498;1948.54504;1915.32446;1943.38086
2022-03-22;1935.86499;1938.58997;1910.89001;1921.44165
2022-03-21;1922.24500;1940.69495;1918.010010;1935.95239
2022-03-18;1942.90002;1945.50500;1917.93005;1921.087036
2022-03-17;1927.56006;1950.099976;1923.39502;1942.64001
2022-03-16;1918.095093;1929.87000;1895.22363;1927.92920
2022-03-15;1951.015503;1954.95496;1906.72998;1917.84265
2022-03-14;1985.49500;1990.32996;1949.87476;1951.11499
2022-03-11;1996.14502;1999.22290;1958.79504;1985.28845
2022-03-10;1991.94495;2009.57495;1970.65686;1995.85864
2022-03-09;2052.74512;2059.24512;1976.29504;1991.48999
2022-03-08;1998.29504;2070.29492;1981.00012207;2052.40991
2022-03-07;1977.094971;2002.90002;1960.76001;1998.10999
2022-03-04;1935.64502;1970.80005;1929.77502;1968.45349
2022-03-03;1926.49500;1941.47498;1921.73499;1935.20996
2022-03-02;1943.69495;1948.17505;1913.82251;1926.11084
2022-03-01;1908.19495;1950.45496;1900.93005;1943.21899
2022-02-28;1920.86377;1929.35864;1890.58997;1907.90283
2022-02-25;1903.54504;1921.54370;1883.10498;1887.56079
2022-02-24;1907.99500;1974.47998;1879.045044;1903.14404
2022-02-23;1898.44495;1911;1889.22998;1907.54944
2022-02-22;1905.88953;1914.44495;1891.15503;1898.13440
2022-02-21;1900.39502;1908.37805;1887.18994;1905.63477
2022-02-18;1897.94495;1902.83618;1886.15503;1897.86804
2022-02-17;1868.84497;1901.56995;1867.17505;1897.26965
2022-02-16;1853.39502;1873.15503;1849.93994;1868.36743
2022-02-15;1870.94495;1879.89001;1844.26501;1853.060059
2022-02-14;1861.54504;1874.40503;1850.45496;1870.29480
2022-02-11;1827.25;1865.625;1820.79004;1859.95911
2022-02-10;1832.94495;1842.35498;1821.46497;1826.57007
2022-02-09;1826.045044;1836.34998;1824.5;1832.42554
2022-02-08;1820.59497;1829.089966;1815.064941;1825.48486
2022-02-07;1806.98999;1824.055054;1806.94495;1820.31006
2022-02-04;1804.79504;1815.43506;1790.94495;1807.49402
2022-02-03;1807.19495;1809.22498;1788.39001;1804.40466
2022-02-02;1800.94495;1811.53003;1794.11499;1806.49756
2022-02-01;1796.71997;1809.16003;1795.13000;1800.65186
2022-01-31;1791.19495;1800.22998;1785.030029;1796.46863
2022-01-28;1796.94495;1799.81995;1779.88000;1791.033569
2022-01-27;1818.44495;1822.50500;1790.97998;1796.51001
2022-01-26;1847.99500;1850.44202;1814.89502;1818.11707
2022-01-25;1843.34497;1853.98499;1834.64001;1847.56006
2022-01-24;1834.49500;1844.53003;1829.094971;1843.060059
2022-01-21;1838.64502;1843.53003;1828.040039;1833.23865
2022-01-20;1840.29504;1848.35999;1835.66504;1838.35999
2022-01-19;1813.69495;1843.72339;1809.97498;1839.95996
2022-01-18;1819.77002;1823.010010;1805.53003;1813.53674
2022-01-17;1817.89502;1823.72498;1812.66504;1818.98999
2022-01-14;1822.54504;1829.66003;1814.13000;1817.21899
2022-01-13;1825.94495;1828.38000;1811.82996;1822.087646
2022-01-12;1822.49500;1828.33496;1814.20496;1825.31946
2022-01-11;1801.69495;1823.35498;1800.094971;1822.010010
2022-01-10;1795.40503;1802.57495;1790.42505;1801.40540
2022-01-07;1789.54504;1799.19995;1782.63000;1795.63208
2022-01-06;1809.94495;1811.88831;1786.030029;1788.67578
2022-01-05;1814.89502;1829.82495;1807.97498;1809.53418
2022-01-04;1801.34497;1816.82996;1798.43994;1814.56006
2022-01-03;1830.13501;1832.060059;1797.93005;1800.84875
2021-12-31;1815.44495;1830.57996;1814.14673;1828.39026
2021-12-30;1803.99500;1817.44495;1795.78003;1815.010864
2021-12-29;1805.59497;1808.16003;1788.94495;1803.66003
2021-12-28;1811.84497;1820.69995;1804.375;1805.36572
2021-12-27;1808.19495;1813.73999;1802.89001;1810.90002
2021-12-24;1808.19495;1812.70496;1801.60999;1808.11499
2021-12-23;1803.69495;1811.015015;1798.88000;1807.91003
2021-12-22;1788.94495;1805.13000;1785.40503;1803.39539
2021-12-21;1789.74500;1800.84998;1784.57996;1788.36035
2021-12-20;1799.39502;1804.32495;1787.97803;1789.31799
2021-12-17;1799.54504;1814.625;1795.66504;1797.68201
2021-12-16;1777.39502;1799.53003;1775.43005;1799.027222
2021-12-15;1770.49500;1781.037720;1753.83960;1777.060059
2021-12-14;1787.19495;1789.74500;1766.30505;1770.17578
2021-12-13;1782.94495;1791.78003;1781.51001;1786.94324
2021-12-10;1774.94495;1789.47498;1769.43005;1782.51001
2021-12-09;1782.49500;1788.050049;1772.79504;1774.45996
2021-12-08;1784.39502;1793.59998;1779.45496;1782.060059
2021-12-07;1778.079956;1788.020020;1771.93005;1784.041992
2021-12-06;1784.78503;1787.86914;1775.90503;1778.10779
2021-12-03;1768.84497;1786.43994;1765.63000;1783.73608
2021-12-02;1783.050049;1783.57996;1761.67505;1768.63525
2021-12-01;1774.15002;1794.79504;1771.96497;1782.66003
2021-11-30;1785.34497;1809.38000;1769.43005;1773.78455
2021-11-29;1790.045044;1799.79504;1781.22998;1785.010010
2021-11-26;1788.69995;1815.78003;1780.78503;1791.81055
2021-11-25;1789.49500;1795.65002;1785.85437;1788.44995
2021-11-24;1790.34497;1797.010010;1778.43994;1788.5
2021-11-23;1805.64502;1812.5;1781.63000;1789.73315
2021-11-22;1846.74500;1849.48999;1801.95496;1805.040039
2021-11-19;1858.89502;1865.75500;1842.97998;1844.59998
2021-11-18;1866.96997;1871.29004;1854.93994;1858.45996
2021-11-17;1850.34497;1868.31995;1849.37585;1866.95996
2021-11-16;1862.94495;1877.40002;1849.16003;1849.91003
2021-11-15;1868.14502;1870.56995;1855.72998;1862.45911
2021-11-12;1861.99500;1868.68506;1844.78003;1864.044067
2021-11-11;1849.68994;1866.35498;1842.66003;1861.52441
2021-11-10;1831.89502;1868.69995;1821.59998;1849.56860
2021-11-09;1824.74500;1833.084961;1817.69995;1831.48328
2021-11-08;1818.44495;1826.93005;1812.079956;1824.26001
2021-11-05;1792.14490;1818.60876;1785.17102;1816.72998
2021-11-04;1769.98059;1799.25500;1769.13379;1791.70496
2021-11-03;1787.71484;1788.42285;1758.45496;1769.51624
2021-11-02;1793.61499;1796.90503;1785.78003;1787.28113
2021-11-01;1783.24500;1796.19995;1778.89001;1793.045044
2021-10-29;1799.030029;1801.49487;1771.70496;1782.80823
2021-10-28;1796.78015;1810.49500;1792.34497;1798.62256
2021-10-27;1793.040039;1799.375;1782.82996;1796.6875
2021-10-26;1807.89502;1808.50220;1781.97998;1792.63281
2021-10-25;1794;1810.18005;1791.94995;1807.47168
2021-10-22;1782.88501;1814.21997;1782.46252;1792.48206
2021-10-21;1782.099976;1789.61499;1776.074951;1782.76257
2021-10-20;1769.27551;1788.68005;1766.5;1781.82996
2021-10-19;1764.98987;1785.52502;1762.47888;1768.87000
2021-10-18;1767.74500;1772.29504;1759.68005;1764.59875
2021-10-15;1795.81006;1796.88501;1764.48499;1767.25635
2021-10-14;1792.75;1800.91003;1786.21997;1795.56006
2021-10-13;1760.050049;1796.30505;1757.89001;1792.64661
2021-10-12;1754.12000;1769.78003;1750.47498;1759.92993
2021-10-11;1757.34497;1761.36499;1749.68005;1753.85583
2021-10-08;1755.88501;1781.59998;1753.025024;1756.66748
2021-10-07;1762.73999;1767.44995;1751.38000;1755.29260
2021-10-06;1760.44507;1765.77502;1745.44995;1762.47510
2021-10-05;1769.75;1771.030029;1748.56494;1759.96252
2021-10-04;1762.14502;1771.055054;1747.22998;1769.50500
2021-10-01;1756.90503;1764.39502;1749.36499;1760.36023
2021-09-30;1726.40002;1764.52502;1721.66504;1756.66064
2021-09-29;1733.97498;1746.11499;1721.074951;1726.10754
2021-09-28;1750.45496;1754.80005;1727.17505;1733.68225
2021-09-27;1751.24500;1761.28503;1744.18994;1749.85498
2021-09-24;1742.82495;1758.079956;1739.59998;1749.86304
2021-09-23;1768.40002;1776.60498;1737.84497;1742.57251
2021-09-22;1774.51453;1787.50500;1764.84497;1767.91345
2021-09-21;1764.18506;1782.069946;1757.60999;1774.24622
2021-09-20;1754.29504;1767.31006;1742.24500;1763.87549
2021-09-17;1753.67004;1768.22498;1747.074951;1754.15649
2021-09-16;1794.34497;1796.71497;1745.040039;1753.39331
2021-09-15;1804.52539;1807.30005;1790.27502;1792.58997
2021-09-14;1793.77002;1808.99500;1781.89001;1804.26550
2021-09-13;1788.54504;1798.65503;1783.73499;1793.48914
2021-09-10;1794.61011;1804.15002;1786.53455;1787.33826
2021-09-09;1789.18506;1801.18994;1783.83496;1794.69495
2021-09-08;1794.41003;1802.60498;1781.97998;1788.92505
2021-09-07;1823.27002;1827.38501;1792.32996;1794.13330
2021-09-06;1828.66003;1830.60095;1820.57996;1823.10278
2021-09-03;1809.98499;1834.55005;1808.53345;1826.18994
2021-09-02;1813.91504;1817.52502;1804.47998;1809.40051
2021-09-01;1813.57495;1820.21497;1808.17505;1813.65503
2021-08-31;1810.26453;1819.43005;1801.47498;1813.42810
2021-08-30;1817.54504;1823.37952;1807.27502;1810.16528
2021-08-27;1792.59998;1819.38245;1787.66003;1816.66895
2021-08-26;1791.094971;1798.61499;1779.47998;1792.15503
2021-08-25;1802.86499;1803.57471;1782.45496;1790.68005
2021-08-24;1805.61499;1810.030029;1799.72998;1802.60547
2021-08-23;1780.54504;1806.91504;1776.025024;1805.19751
2021-08-20;1780.44043;1788.84998;1777.96497;1780.86682
2021-08-19;1788.045044;1792.56494;1774.20496;1780.17896
2021-08-18;1786.21497;1794.31494;1777.30505;1787.58997
2021-08-17;1787.50549;1795.77002;1780.27502;1785.95557
2021-08-16;1778.44495;1789.50500;1770.375;1787.23828
2021-08-13;1752.72498;1780.52502;1751.26501;1779.15149
2021-08-12;1751.65503;1758.62000;1741.29004;1752.4375
2021-08-11;1729.0050049;1754.63000;1723.54004;1751.56274
2021-08-10;1729.73999;1738.49500;1717.16504;1728.71045
2021-08-09;1763.34497;1764.64819;1684.77002;1729.45752
2021-08-06;1804.28003;1804.92981;1758.32996;1762.68994
2021-08-05;1811.68506;1815.44995;1797.73999;1804.013062
2021-08-04;1810.60498;1832.10498;1806.53503;1811.40503
2021-08-03;1813.63501;1815.18005;1806.72998;1809.93994
2021-08-02;1814.34497;1819.93506;1805.12000;1813.38501
2021-07-30;1828.20996;1831.625;1809.47998;1813.58154
2021-07-29;1807.15002;1833.047363;1806.28503;1827.95496
2021-07-28;1799;1809.90002;1792.59998;1806.88086
2021-07-27;1797.52502;1805.59998;1792.82996;1798.73206
2021-07-26;1802.64502;1811.96997;1795.67505;1797.26501
2021-07-23;1806.94995;1810.56006;1790.45496;1801.33997
2021-07-22;1803.57947;1808.34497;1792.10999;1806.68994
2021-07-21;1810.31555;1814.020020;1794.17505;1803.31445
2021-07-20;1812.60999;1825.27002;1805.064941;1810.030396
2021-07-19;1811.64502;1817.56335;1794.66003;1812.34253
2021-07-16;1829.44995;1832.19775;1808.65002;1810.89001
2021-07-15;1827.35010;1833.99500;1820.074951;1829.18665
2021-07-14;1807.72009;1830.32495;1804.20996;1827.061646
2021-07-13;1806.16504;1817.50500;1798.54004;1807.43506
2021-07-12;1807.94495;1811.035034;1791.20996;1805.87744
2021-07-09;1802.89001;1812.70996;1796.094971;1807.97998
2021-07-08;1803.66504;1818.69995;1794.27502;1802.55505
2021-07-07;1796.95996;1810.13000;1793.63501;1803.40503
2021-07-06;1791.88049;1815.33997;1789.90503;1796.68726
2021-07-05;1787.69495;1795.69495;1784.086670;1791.61206
2021-07-02;1776.83496;1795.40002;1773.72998;1786.79016
2021-07-01;1770.060059;1783.074951;1765.47498;1776.59998
2021-06-30;1761.34998;1774.71997;1752.78003;1769.80249
2021-06-29;1778.43994;1779.24500;1750.10999;1761.089966
2021-06-28;1781.24500;1785.90002;1770.68506;1778.17505
2021-06-25;1775.46057;1790.59998;1773.26501;1780.33997
2021-06-24;1779.010010;1788.55505;1772.67004;1775.18274
2021-06-23;1778.80457;1795.18005;1773.125;1778.73047
2021-06-22;1783.22998;1790.41504;1771.98999;1778.51245
2021-06-21;1764.44495;1786.75;1764.44495;1782.94824
2021-06-18;1772.72998;1797.24500;1761.035034;1763.33997
2021-06-17;1812.18005;1825.58496;1766.875;1773.31494
2021-06-16;1858.96497;1862.42505;1804.19495;1811.95251
2021-06-15;1866.25500;1869.66504;1851.27502;1858.69495
2021-06-14;1874.58997;1878.21265;1844.57495;1865.99500
2021-06-11;1898.41504;1903.30005;1874.074951;1876.64001
2021-06-10;1888.57007;1900.092041;1869.84497;1898.13745
2021-06-09;1893.48999;1899.39502;1886.57996;1888.29834
2021-06-08;1898.99500;1903.95496;1883.38000;1892.81995
2021-06-07;1888.48999;1900.40503;1880.88000;1898.99622
2021-06-04;1871.31995;1896.60498;1856.094971;1889.96997
2021-06-03;1908.094971;1909.88501;1865.10999;1870.56995
2021-06-02;1900.045044;1909.33521;1894.045044;1907.94397
2021-06-01;1907.52551;1916.84497;1892.28003;1900.18994
2021-05-31;1903.69495;1911.12952;1901.56006;1906.35999
2021-05-28;1897.045044;1905.89502;1881.84497;1902.64001
2021-05-27;1896.49500;1903.87000;1888.22498;1896.079956
2021-05-26;1899.49500;1913.15002;1890.33997;1896.43994
2021-05-25;1880.69495;1900.62659;1872.72998;1899.26404
2021-05-24;1882.34497;1887.43506;1875.18994;1881.069946
2021-05-21;1876.83997;1889.84998;1870.010010;1880.30005
2021-05-20;1869.74500;1884.12000;1863.53003;1876.68994
2021-05-19;1869.59497;1890.14502;1851.93506;1869.56995
2021-05-18;1866.59497;1875.40002;1862.94495;1868.21997
2021-05-17;1843.84497;1868.80005;1841.24500;1866.13245
2021-05-14;1826.49500;1845.54504;1819.78503;1842.18994
2021-05-13;1815.89502;1828.81006;1808.77502;1826.56995
2021-05-12;1837.39502;1843.68994;1813;1815.43994
2021-05-11;1834.58496;1842.32495;1817.68005;1836.93994
2021-05-10;1833.24500;1845.53003;1830.089966;1835.43994
2021-05-07;1815.47998;1843.45496;1812.90320;1830.47705
2021-05-06;1787.094971;1818.21497;1781.66504;1815.17834
2021-05-05;1778.91003;1788.34863;1769.95496;1786.44397
2021-05-04;1792.29004;1799.375;1770.84497;1778.48315
2021-05-03;1768.49500;1798.22498;1765.91003;1792.36145
2021-04-30;1772.89502;1773.97998;1763.72998;1768.58997
2021-04-29;1780.90002;1790.42505;1756.19495;1771.24329
2021-04-28;1776.79504;1782.84998;1762.56494;1781.32373
2021-04-27;1780.42004;1785.90002;1773.51501;1776.68994
2021-04-26;1776.34497;1783.69104;1768.70496;1780.18994
2021-04-23;1784.32996;1796.060059;1770.054565;1777.18005
2021-04-22;1794.15002;1798.28503;1776.82996;1783.93994
2021-04-21;1778.64490;1797.97998;1775.95496;1793.46167
2021-04-20;1770.30005;1780.76501;1763.18005;1777.25330
2021-04-19;1779.5;1790.53503;1765.97998;1769.31006
2021-04-16;1763.84497;1784.074951;1759.78503;1776.30640
2021-04-15;1737.099976;1769.91003;1734.10498;1763.20837
2021-04-14;1744.30005;1749.57996;1732.13000;1736.0035400
2021-04-13;1732.59497;1749.23499;1723.26501;1743.82983
2021-04-12;1743.79504;1745.35999;1727.18005;1732.51367
2021-04-09;1756.54004;1757.46997;1731.089966;1743.099976
2021-04-08;1737.84497;1759.125;1732.98999;1755.93994
2021-04-07;1742.96497;1744.56604;1730.13000;1737.28003
2021-04-06;1728.49500;1745.67505;1726.82263;1743.56995
2021-04-05;1728.74500;1733.75;1721.21997;1728.43994
2021-04-02;1730.47498;1732.54504;1728.67249;1728.83997
2021-04-01;1708.090088;1730.79822;1705.41956;1730.18201
2021-03-31;1685.59497;1715.27502;1677.92505;1707.0074463
2021-03-30;1712.54504;1714.74451;1678.84998;1684.79614
2021-03-29;1732.14502;1733.34497;1705.57996;1711.99463
2021-03-26;1727.29504;1737.0050049;1721.22998;1731.96643
2021-03-25;1735.64502;1745.95496;1721.84497;1726.81995
2021-03-24;1727.79504;1738.56030;1723.85498;1734.18994
2021-03-23;1739.045044;1742.84998;1724.41504;1727.11035
2021-03-22;1745.74500;1747.17810;1727.39502;1738.68994
2021-03-19;1735.89502;1746.88000;1728.040039;1744.74023
2021-03-18;1745.094971;1755.58997;1719.045044;1736.40930
2021-03-17;1730.60999;1751.81494;1724.13501;1744.43994
2021-03-16;1730.56995;1741.40002;1725.79504;1730.93994
2021-03-15;1727.74500;1734.98999;1721.30750;1731.83618
2021-03-12;1721.59497;1728.42004;1698.85498;1726.40686
2021-03-11;1726.54504;1739.98999;1719.38196;1721.41003
2021-03-10;1715.94495;1726.75500;1707.98999;1726.047974
2021-03-09;1682.54504;1720.82996;1679.80005;1715.35999
2021-03-08;1702.79504;1714.44995;1676.70496;1681.24390
2021-03-05;1698.59497;1707.75500;1687.12158;1700.85999
2021-03-04;1711.84497;1723.34497;1690.63501;1697.18994
2021-03-03;1738.59497;1740.85498;1701.93994;1710.94995
2021-03-02;1724.099976;1738.89185;1707.18005;1738.087769
2021-03-01;1733.39502;1760.015015;1719.52002;1723.83887
2021-02-26;1770.49500;1776.10498;1717.25500;1733.48999
2021-02-25;1804.79504;1806.055054;1765.44495;1769.87915
2021-02-24;1805.34497;1813.98999;1783.29504;1804.35999
2021-02-23;1809.094971;1816.26709;1795.78174;1805.060059
2021-02-22;1782.24500;1812.75500;1780.46216;1808.66003
2021-02-19;1776.19495;1791.70496;1760.13000;1782.31006
2021-02-18;1776.69495;1789.875;1767.97998;1775.48975
2021-02-17;1794.64502;1795.44995;1769.26501;1776.26001
2021-02-16;1819.34497;1826.75;1789.18994;1794.31006
2021-02-15;1825.34497;1827.58752;1815.71497;1818.51294
2021-02-12;1825.89502;1830.79504;1810.32996;1823.45996
2021-02-11;1842.64502;1847.94995;1820.63000;1825.35999
2021-02-10;1837.54504;1855.70496;1833.91406;1842.21606
2021-02-09;1830.59497;1849.15002;1828.63000;1837.060059
2021-02-08;1815.44495;1839.14502;1807.47998;1830.16003
2021-02-05;1792.49500;1815.32495;1791.80005;1811.61560
2021-02-04;1834.34497;1835.13000;1785.14502;1792.26001
2021-02-03;1837.49500;1845.28503;1829.49500;1833.76074
2021-02-02;1860.84497;1864.26001;1829.46497;1837.35022
2021-02-01;1863.045044;1871.84497;1849.040039;1860.16003
2021-01-29;1840.89502;1876.030029;1839.56494;1846.089966
2021-01-28;1844.34497;1864.25500;1833.81494;1840.35999
2021-01-27;1850.64502;1853.57996;1831.29004;1843.98999
2021-01-26;1855.54504;1861.85999;1848.36499;1850.31006
2021-01-25;1855.75;1868.44995;1847.29504;1854.99146
2021-01-22;1870.094971;1871.17004;1837.089966;1852.55005
2021-01-21;1871.069946;1875.45496;1858.16003;1869.91003
2021-01-20;1840.045044;1872.030029;1832.46497;1870.90625
2021-01-19;1838.094971;1845.97998;1833.064941;1839.33691
2021-01-18;1828.93994;1840.94995;1810.46497;1836.89001
2021-01-15;1846.79504;1856.85498;1823.20996;1826.58997
2021-01-14;1843.94495;1857.59497;1833.20996;1846.36938
2021-01-13;1856.19495;1863.25500;1843.34497;1843.41003
2021-01-12;1845.34497;1864.079956;1837.41003;1855.62915
2021-01-11;1849.34497;1857.045044;1817.13928;1844.66125
2021-01-08;1912.89502;1917.85498;1828.74500;1848.26001
2021-01-07;1919.39502;1927.97498;1906.86499;1912.49902
2021-01-06;1950.29504;1959.60498;1901.11499;1918.81006
2021-01-05;1942.64502;1953.16504;1934.079956;1949.34998
2021-01-04;1906.045044;1944.64502;1905.35632;1942.27527
2021-01-01;1897.69495;1899.12012;1897.39441;1898.099976
2020-12-31;1893.54504;1901.26050;1884.77002;1896.48755
2020-12-30;1878.34497;1894.064575;1875.66003;1893.36816
2020-12-29;1872.24500;1886.90503;1870.98999;1877.99182
2020-12-28;1885.92554;1900.53125;1869.20996;1871.18994
2020-12-25;1877.074951;1877.074951;1875.82495;1875.82495
2020-12-24;1872.74500;1882.54504;1869.51501;1876.56494
2020-12-23;1859.99500;1878.59497;1858.58997;1872.075928
2020-12-22;1876.64502;1884.61499;1858.72998;1859.56006
2020-12-21;1883.19934;1906.93005;1856.69495;1876.20996
2020-12-18;1885.79504;1889.875;1876.97498;1880.66003
2020-12-17;1864.25500;1896.25500;1861.82996;1885.86926
2020-12-16;1853.94495;1866.19995;1844.75;1864.14563
2020-12-15;1827.79504;1855.75500;1825.29004;1853.45996
2020-12-14;1839.29504;1839.85608;1819.91504;1827.16992
2020-12-11;1835.55005;1847.88660;1824.23499;1839.027222
2020-12-10;1839.59497;1850.40002;1828.47998;1835.31006
2020-12-09;1871.19495;1871.37341;1825.70837;1839.10999
2020-12-08;1863.54504;1875.78503;1859.83496;1871.35999
2020-12-07;1837.99500;1868.75500;1822.99500;1863.68994
2020-12-04;1841.045044;1848.25806;1829.29504;1837.60999
2020-12-03;1831.34497;1844.44995;1823.60498;1840.35999
2020-12-02;1815.19495;1832.65002;1806.99500;1831.010010
2020-12-01;1777.40002;1817.55005;1775.51501;1814.86853
2020-11-30;1789.050049;1789.98730;1764.69495;1777.019043
2020-11-27;1811.094971;1813.81494;1773.92505;1788.12878
2020-11-26;1805.74500;1818.78003;1805.31494;1810.56995
2020-11-25;1807.69495;1817.97998;1801.32996;1805.29834
2020-11-24;1836.64502;1839.26294;1800.68506;1807.51001
2020-11-23;1869.84497;1876.72498;1830.85498;1835.84998
2020-11-20;1867.59497;1879.98499;1860.65503;1870.48584
2020-11-19;1871.44495;1874.33911;1852.48499;1867.36780
2020-11-18;1878.59998;1884.92200;1863.94495;1871.41003
2020-11-17;1889.14502;1893.90002;1877.69495;1878.60315
2020-11-16;1888.74500;1899.35498;1864.74500;1888.51770
2020-11-13;1876.44495;1897.15503;1873.76001;1888.039795
2020-11-12;1865.29504;1883.875;1862.46497;1875.75659
2020-11-11;1877.34497;1884.92505;1856.045044;1864.70996
2020-11-10;1862.14502;1890.60498;1860.29504;1876.5
2020-11-09;1954.64502;1965.91504;1850.35669;1861.85999
2020-11-06;1949.24500;1960.76501;1935.39502;1951.51001
2020-11-05;1903.64502;1952.95496;1902.42505;1948.56006
2020-11-04;1908.59497;1916.68005;1883.15002;1903.20996
2020-11-03;1895.79504;1910.70996;1886.81006;1908.35999
2020-11-02;1878.59497;1896.11890;1873.21497;1895.095459
2020-10-30;1868.24500;1889.85498;1864.63501;1877.94995
2020-10-29;1876.94495;1885.42004;1859.67004;1867.13464
2020-10-28;1908.045044;1911.025024;1869.59497;1877.061890
2020-10-27;1902.19495;1911.34497;1897.47498;1906.82996
2020-10-26;1902.34497;1908.55005;1890.89502;1901.69385
2020-10-23;1904.24500;1914.29504;1894.54004;1900.79456
2020-10-22;1924.34497;1926.0031738;1894.79504;1904.041992
2020-10-21;1908.64502;1931.40710;1907.94385;1924.49414
2020-10-20;1904.24500;1914.19995;1894.74500;1906.38525
2020-10-19;1899.94495;1918.59497;1897.087769;1904.26965
2020-10-16;1907.94995;1914.055054;1897.59497;1898.96997
2020-10-15;1900.31006;1909.21558;1889.46497;1907.82397
2020-10-14;1891.89502;1913.030029;1882.43994;1900.88696
2020-10-13;1922.41504;1925.72693;1886.59497;1890.81799
2020-10-12;1930.5;1933.45496;1918.18994;1921.94958
2020-10-09;1894.19495;1930.82996;1893.32495;1929.43005
2020-10-08;1887.39502;1900.72534;1881.86499;1893.090942
2020-10-07;1878.84497;1898.30505;1873.045044;1887.22327
2020-10-06;1913.28003;1921.10498;1874.57410;1877.12622
2020-10-05;1902.24500;1918.74500;1886.81494;1912.89795
2020-10-02;1905.64502;1917.28003;1889.57410;1898.69995
2020-10-01;1885.80005;1912.086792;1884.48499;1905.049072
2020-09-30;1897.81006;1902.39001;1881.31006;1885.43994
2020-09-29;1881.39502;1899.24316;1875.55505;1897.68994
2020-09-28;1859;1883.38586;1849.19495;1880.85107
2020-09-25;1868.61011;1875.28003;1852.59497;1860.050049
2020-09-24;1863.42004;1877.29504;1848.44727;1868.036011
2020-09-23;1900.20007;1905.55762;1855.76526;1863.54993
2020-09-22;1912.79504;1919.99438;1894.93372;1899.28137
2020-09-21;1949.54504;1955.75317;1883.21265;1912.56995
2020-09-18;1943.87000;1960.20325;1941.79004;1949.69275
2020-09-17;1959.99500;1963.47998;1932.99500;1942.59998
2020-09-16;1956.18506;1973.625;1949.88550;1959.31824
2020-09-15;1957.31006;1972.35498;1948.64026;1955.52014
2020-09-14;1941.045044;1962.51685;1937.45691;1956.36914
2020-09-11;1955.19995;1957.95422;1937.42346;1941.5
2020-09-10;1946.060059;1966.49756;1941.42444;1954.069946
2020-09-09;1932.25500;1950.95093;1920.20410;1946.65564
2020-09-08;1929.14001;1940.80005;1906.56995;1931.26001
2020-09-07;1930.34998;1941.44995;1924.43005;1929.18005
2020-09-04;1931.51001;1942.25;1916.64001;1932.84998
2020-09-03;1943;1951.15002;1921.94995;1930.84998
2020-09-02;1969.70996;1974.41003;1932.75;1942.97998
2020-09-01;1967.57996;1992.26001;1963.21997;1970.48999
2020-08-31;1965.39001;1976.53003;1954.55005;1970.15002
2020-08-28;1929.43994;1973.81006;1923.70996;1964.89001
2020-08-27;1953.34998;1976.31995;1909.95996;1929.19995
2020-08-26;1928.66003;1955.15002;1902.81006;1954.030029
2020-08-25;1932.66003;1937.55005;1914.31006;1928.18994
2020-08-24;1938.63000;1962.040039;1924.28003;1933.089966
2020-08-21;1946.95996;1956.37000;1911.76001;1940.16003
2020-08-20;1929.28003;1955.98999;1925.46997;1943.59998
2020-08-19;2001.21997;2006.51001;1924.63000;1929.81995
2020-08-18;1985.46997;2015.22998;1977.56006;2001.19995
2020-08-17;1946.21997;1990.91003;1929.73999;1986.19995
2020-08-14;1953.97998;1962.62000;1932.45996;1944.29004
2020-08-13;1920.87000;1966.82996;1913.42004;1954
2020-08-12;1911.26001;1949.26001;1863.92004;1918.069946
2020-08-11;2027.10999;2031.58997;1901.56995;1911.64001
2020-08-10;2033.70996;2050.10010;2019.42004;2027.77002
2020-08-07;2064.52002;2072.89990;2015.47998;2035.030029
2020-08-06;2040.030029;2069.84009;2034.82996;2063.81006
2020-08-05;2018.97998;2056.10010;2010.32996;2040.40002
2020-08-04;1976.44995;2019.95996;1968.38000;2018.52002
2020-08-03;1980.43005;1985.21997;1960.15002;1977.25
2020-07-31;1960.95996;1981.10999;1955.98999;1975.89001
2020-07-30;1970.89001;1972.25;1940.17004;1960.5
2020-07-29;1959.70996;1980.67004;1944.95996;1970.72998
2020-07-28;1942.21997;1981.14001;1907.68994;1959.5
2020-07-27;1899.29004;1945.70996;1899.29004;1942.42004
2020-07-24;1886.82996;1906.46997;1881.57996;1901.45996
2020-07-23;1871.96997;1898.48999;1862.38000;1887.43994
2020-07-22;1841.89001;1872.41003;1840.25;1872.069946
2020-07-21;1815.53003;1843.75;1815.43994;1842.21997
2020-07-20;1809.28003;1820.76001;1805.69995;1816.089966
2020-07-17;1797.30005;1812.58997;1795.10999;1809.90002
2020-07-16;1811.71997;1813.41003;1795.099976;1797.050049
2020-07-15;1808.14001;1815;1802.91003;1811.90002
2020-07-14;1802.77002;1810.93994;1791.020020;1807.78003
2020-07-13;1798.68994;1813.65002;1797.93994;1803.39001
2020-07-10;1801.70996;1810.93994;1794.46997;1798.89001
2020-07-09;1810.68005;1815.98999;1795.76001;1803.18994
2020-07-08;1794.93005;1818.37000;1791.81995;1810.78003
2020-07-07;1784.56995;1797.93005;1774.37000;1795.26001
2020-07-06;1776.23999;1786.97998;1770.089966;1783.90002
2020-07-03;1774.030029;1777.010010;1772.030029;1775.050049
2020-07-02;1769.59998;1780.20996;1757.84998;1776.13000
2020-07-01;1780.91003;1789.27002;1759.020020;1770.31995
2020-06-30;1771.77002;1786.45996;1765.77002;1781.66003
2020-06-29;1773.27002;1775.85999;1766.069946;1772.28003
2020-06-26;1762.34998;1772.35999;1748.040039;1771.46997
2020-06-25;1759.76001;1768.83997;1755.22998;1761.81995
2020-06-24;1769.089966;1780.060059;1761.089966;1762.43005
2020-06-23;1756.030029;1771.68994;1747.90002;1767.54004
2020-06-22;1749;1763.81995;1743.78003;1755.43994
2020-06-19;1723.16003;1745.68005;1721.35999;1743.62000
2020-06-18;1725.56995;1736.87000;1717.28003;1722.98999
2020-06-17;1727.33997;1730.62000;1713.37000;1727.040039
2020-06-16;1725.79004;1733.060059;1715.93005;1727.45996
2020-06-15;1732.34998;1734.78003;1704.76001;1725.53003
2020-06-12;1728.31995;1743.58997;1723.12000;1730.80005
2020-06-11;1737.10999;1744.71997;1721.33997;1727.51001
2020-06-10;1714.32996;1740.29004;1708.82996;1737.099976
2020-06-09;1700.25;1720.75;1691.92004;1714.56995
2020-06-08;1684.16003;1701.27002;1677.60999;1695.46997
2020-06-05;1711.19995;1716.39001;1670.75;1685.82996
2020-06-04;1699.10999;1722.21997;1697.40002;1711.83997
2020-06-03;1728.96997;1732.92004;1690.010010;1698.63000
2020-06-02;1740.93005;1745.54004;1721.52002;1727.96997
2020-06-01;1736.42004;1744.52002;1727.030029;1740.33997
2020-05-29;1721.69995;1738.98999;1713.79004;1728.30005
2020-05-28;1709.68005;1727.68994;1707.18994;1719.40002
2020-05-27;1712.030029;1715.77002;1693.59998;1709.25
2020-05-26;1729.65002;1736.29004;1708.31006;1712.44995
2020-05-25;1734.72998;1735.56995;1720.46997;1729.56995
2020-05-22;1725.26001;1741.51001;1724.29004;1736.069946
2020-05-21;1750.18005;1750.64001;1717.56006;1726.33997
2020-05-20;1744.43994;1754.079956;1740.91003;1749.5
2020-05-19;1733.37000;1748.77002;1725.82996;1745.10999
2020-05-18;1742.93005;1764.81006;1726.26001;1732.31995
2020-05-15;1731.13000;1753.25;1728.52002;1743
2020-05-14;1715.010010;1737.33997;1710.39001;1730.65002
2020-05-13;1701.20996;1718.32996;1697.92004;1715.98999
2020-05-12;1696.25;1711.040039;1692.28003;1702.71997
2020-05-11;1703.76001;1713.67004;1691.56006;1697.34998
2020-05-08;1717.45996;1724.56006;1701.60999;1702.65002
2020-05-07;1686.079956;1722.020020;1681.95996;1717.93994
2020-05-06;1705.77002;1707.84998;1681.33997;1685.88000
2020-05-05;1701.78003;1712.59998;1691.13000;1707.17004
2020-05-04;1697.26001;1712;1690.95996;1701.68994
2020-05-01;1685.23999;1706.20996;1669.81995;1700.41003
2020-04-30;1715.21997;1726.14001;1684.16003;1685.050049
2020-04-29;1708.71997;1717.52002;1697.71997;1712.38000
2020-04-28;1716.18994;1716.18994;1691.80005;1708.63000
2020-04-27;1724.85999;1727.81995;1705.81995;1715.56995
2020-04-24;1733.31995;1737.89001;1710.63000;1729.43005
2020-04-23;1713;1738.83997;1704.050049;1731.58997
2020-04-22;1686.46997;1719.66003;1680.050049;1714.81995
2020-04-21;1694.21997;1698.47998;1660.98999;1687.020020
2020-04-20;1691.43994;1703.020020;1671.73999;1694.12000
2020-04-17;1713.48999;1718.68994;1678.52002;1684.68994
2020-04-16;1716.29004;1738.73999;1706.92004;1718.40002
2020-04-15;1729.43005;1731.43005;1706.98999;1716.59998
2020-04-14;1714.089966;1748.5;1709.099976;1729.69995
2020-04-13;1682.25;1722.35999;1672.94995;1714.31995
2020-04-10;1675;1696.5;1675;1689.90002
2020-04-09;1644.28003;1690.29004;1642.33997;1684.069946
2020-04-08;1645.93994;1657.060059;1641.15002;1646.52002
2020-04-07;1662.38000;1671.88000;1641.060059;1648.94995
2020-04-06;1596.80005;1669.76001;1596.80005;1663
2020-04-03;1609.98999;1627.040039;1607;1618.44995
2020-04-02;1590.75;1621.27002;1576.43005;1613.79004
2020-04-01;1569.44995;1604.12000;1568.91003;1595.050049
2020-03-31;1612.25;1623.52002;1562.25;1571.31006
2020-03-30;1617.38000;1635.58997;1607.63000;1623.30005
2020-03-27;1634.98999;1640.76001;1614.75;1623.5
2020-03-26;1620.16003;1645.80005;1595.81006;1632.38000
2020-03-25;1618.79004;1636.29004;1584.18005;1613.79004
2020-03-24;1565.35999;1644.34998;1564.77002;1622.030029
2020-03-23;1508.25;1561.76001;1485.40002;1553.81006
2020-03-20;1470.39001;1516.43005;1460.48999;1498.23999
2020-03-19;1486.099976;1501.60999;1464.75;1471
2020-03-18;1527.30005;1546.050049;1472.59998;1486.30005
2020-03-17;1512.050049;1553.10999;1465.59998;1528.57996
2020-03-16;1550.58997;1573.48999;1451.68005;1514.60999
2020-03-13;1576.82996;1597.71997;1506.72998;1529.69995
2020-03-12;1634.68994;1650.13000;1560.95996;1577.089966
2020-03-11;1649.68994;1670.96997;1632.90002;1635.030029
2020-03-10;1678.90002;1680.35999;1642.10999;1649.35999
2020-03-09;1694.59998;1703.16003;1657.95996;1680.19995
2020-03-06;1670.66003;1692.10999;1647.97998;1674.22998
2020-03-05;1635.82996;1674.66003;1634.92004;1670.60999
2020-03-04;1639.84998;1651.68005;1631.98999;1635.82996
2020-03-03;1590.78003;1649.5;1587.79004;1639.77002
2020-03-02;1590.98999;1610.78003;1579.54004;1590.72998
2020-02-28;1642.14001;1649.48999;1565.85999;1585.12000
2020-02-27;1640.56006;1660.43994;1635.66003;1642.34998
2020-02-26;1635.45996;1655.069946;1625.71997;1639.95996
2020-02-25;1660.71997;1660.84998;1629.010010;1635.38000
2020-02-24;1658.95996;1688.95996;1652.30005;1660.71997
2020-02-21;1619.79004;1649.14001;1618.98999;1643.69995
2020-02-20;1611.70996;1623.73999;1603.89001;1619.69995
2020-02-19;1601.80005;1612.91003;1599.48999;1611.64001
2020-02-18;1583.31006;1605.34998;1582.95996;1601.91003
2020-02-17;1584.75;1584.85999;1578.40002;1581.099976
2020-02-14;1576.29004;1585.040039;1573.15002;1584.69995
2020-02-13;1565.62000;1578.10999;1565.43005;1576.39001
2020-02-12;1567.72998;1570.47998;1561.45996;1565.63000
2020-02-11;1572.010010;1573.95996;1562.18005;1567.71997
2020-02-10;1569.93994;1577.16003;1568.010010;1572.30005
2020-02-07;1566.95996;1574.050049;1562.38000;1570.29004
2020-02-06;1556.88000;1568.29004;1552.23999;1566.84998
2020-02-05;1552.56995;1562.31006;1547.19995;1556.69995
2020-02-04;1576.30005;1579.54004;1548.98999;1552.55005
2020-02-03;1589.84998;1591.85999;1571.26001;1576.44995
2020-01-31;1574.27002;1590.19995;1570.83997;1590.19995
2020-01-30;1576.97998;1585.96997;1572.48999;1574.21997
2020-01-29;1566.20996;1577.95996;1563.099976;1577.12000
2020-01-28;1582.050049;1583.17004;1565.64001;1566.23999
2020-01-27;1579.98999;1586.71997;1575.58997;1581.94995
2020-01-24;1563.29004;1575.76001;1556.16003;1570.65002
2020-01-23;1558.93005;1567.93994;1551.29004;1563.32996
2020-01-22;1558.030029;1559.34998;1549.81006;1558.91003
2020-01-21;1560.84998;1568.65002;1546.25;1558.020020
2020-01-20;1558.56006;1562.81006;1556.34998;1561.57996
2020-01-17;1552.90002;1561.30005;1549.26001;1556.60999
2020-01-16;1556.17004;1558.14001;1547.84998;1552.79004
2020-01-15;1546.26001;1558.22998;1546.010010;1556.18994
2020-01-14;1548.31006;1548.80005;1535.88000;1546.37000
2020-01-13;1562.29004;1562.30005;1546.52002;1548.30005
2020-01-10;1552.26001;1563.18994;1545.31995;1562.28003
2020-01-09;1555.76001;1561.32996;1539.88000;1552.37000
2020-01-08;1573.98999;1611;1551.96997;1555.81006
2020-01-07;1565.93005;1577.38000;1555.099976;1573.98999
2020-01-06;1560.58997;1582.68994;1560.58997;1565.95996
2020-01-03;1529.10999;1553.44995;1527.94995;1551.65002
2020-01-02;1517.13000;1531.30005;1517.089966;1528.93994
2020-01-01;1517.26001;1517.47998;1517.19995;1517.30005
